id,exact_match,norm_levenshtein,token_f1,rouge_l_f1,answer_accuracy,bleu,rouge1_f1,rouge2_f1,rougeL_f1,bert_precision,bert_recall,bert_f1,cosine_similarity
1,0.0,0.3191011235955056,0.5128205128205129,0.1558282208588957,1.0,0.3902801838828169,0.7100840336134454,0.3924050632911392,0.41596638655462187,0.7564858198165894,0.7594236731529236,0.7579519152641296,0.9090859889984131
2,0.0,0.3542372881355932,0.5543237250554323,0.32729155877783533,1.0,0.4083969465648855,0.7348993288590604,0.5892255892255892,0.5268456375838927,0.8416433334350586,0.8764646053314209,0.8587011098861694,0.8635975122451782
3,0.0,0.4933862433862434,0.6,0.5130890052356021,0.0,0.4913281123199575,0.7329545454545454,0.582857142857143,0.6477272727272727,0.8973187208175659,0.8889405727386475,0.8931100368499756,0.8121048808097839
4,0.0,0.37169312169312174,0.5196850393700788,0.14013770757391655,1.0,0.34516129032258064,0.7027027027027025,0.5106990014265335,0.5263157894736842,0.8447426557540894,0.8565118312835693,0.8505865335464478,0.9042433500289917
5,0.0,0.3112324492979719,0.45213849287169044,0.11566979733069699,0.0,0.29523809523809524,0.701639344262295,0.4144736842105263,0.39672131147540984,0.7435307502746582,0.7766396999359131,0.7597246766090393,0.8387359976768494
6,0.0,0.375,0.4710743801652892,0.09090909090909091,0.0,0.2657230900284214,0.5870307167235495,0.43986254295532645,0.5051194539249148,0.8561223745346069,0.7902630567550659,0.8218754529953003,0.9107468128204346
7,0.0,0.37891737891737887,0.4878048780487805,0.06544293695131684,0.0,0.2833810709171499,0.7159763313609466,0.488095238095238,0.49704142011834324,0.8431967496871948,0.8263250589370728,0.8346756100654602,0.9204007387161255
8,0.0,0.304635761589404,0.427255985267035,0.03458711629917856,1.0,0.2573099415204678,0.636963696369637,0.3874172185430464,0.39933993399339934,0.7771086692810059,0.7953429222106934,0.7861200571060181,0.6226892471313477
9,0.0,0.3688524590163934,0.4322033898305085,0.16976127320954906,1.0,0.28,0.7710843373493976,0.49090909090909096,0.4939759036144578,0.8341609239578247,0.8255785703659058,0.8298475742340088,0.85850989818573
10,0.0,0.34038334434897555,0.516245487364621,0.21018062397372742,1.0,0.36336336336336345,0.6699507389162561,0.44938271604938274,0.44581280788177335,0.8346897959709167,0.8530890941619873,0.8437891006469727,0.670017421245575
11,0.0,0.35790273556231,0.47858942065491183,0.11476213830308975,0.0,0.2579505300353357,0.627831715210356,0.487012987012987,0.4595469255663431,0.8621200919151306,0.8676068782806396,0.8648547530174255,0.9253867268562317
12,0.0,0.25742574257425743,0.5047169811320753,0.0622568093385214,1.0,0.4097560975609756,0.7425149700598802,0.37675350701402804,0.43113772455089816,0.8381337523460388,0.858228325843811,0.8480620384216309,0.82494056224823
13,0.0,0.16631130063965882,0.0981132075471698,0.10075566750629723,1.0,0.008779967397765914,0.27355623100303955,0.15902140672782875,0.23708206686930092,0.6889727711677551,0.6238764524459839,0.6548107266426086,0.6911022067070007
14,0.0,0.4126984126984127,0.5311203319502075,0.05937726285300507,0.0,0.4147385263255211,0.7272727272727273,0.4837758112094395,0.5630498533724341,0.8470885753631592,0.8645637035369873,0.8557369112968445,0.8319591283798218
15,0.0,0.27693370165745856,0.37407407407407406,0.04192685102586976,0.0,0.23512747875354106,0.6167146974063401,0.2890173410404624,0.3342939481268012,0.8086967468261719,0.8467915058135986,0.827305793762207,0.6918638348579407
16,0.0,0.3899456521739131,0.5035460992907802,0.06226271829916477,0.0,0.3561056328170068,0.702842377260982,0.42597402597402595,0.48062015503875966,0.7774637937545776,0.78690505027771,0.7821559309959412,0.9002817869186401
17,0.0,0.3904682274247492,0.4931506849315069,0.1070604522381172,0.0,0.35937499999999994,0.681135225375626,0.4824120603015075,0.5208681135225375,0.8519437313079834,0.8789363503456116,0.865229606628418,0.8228990435600281
18,0.0,0.3527093596059113,0.5254691689008043,0.10957551826258638,0.0,0.4431818181818182,0.7964601769911505,0.5896980461811723,0.5557522123893806,0.872819185256958,0.8356668949127197,0.853839099407196,0.9766013622283936
19,0.0,0.2632955536181343,0.3990719257540603,0.1815199562602515,1.0,0.24909747292418774,0.6298932384341637,0.34285714285714286,0.34163701067615665,0.7232650518417358,0.7609990835189819,0.7416523694992065,0.7669447064399719
20,0.0,0.30260047281323876,0.44582043343653255,0.06510969568294409,0.0,0.2970587213677419,0.6813725490196079,0.42364532019704426,0.3676470588235294,0.7710010409355164,0.7668150663375854,0.7689023613929749,0.8203157186508179
21,0.0,0.31691919191919193,0.4317789291882556,0.10248447204968944,0.0,0.2687861271676301,0.6692913385826771,0.3868421052631579,0.37270341207349084,0.8280086517333984,0.835182785987854,0.8315802216529846,0.8320510387420654
22,0.0,0.2995927865037813,0.3722627737226277,0.10450038138825324,1.0,0.20435967302452315,0.6763285024154589,0.46731234866828075,0.4396135265700483,0.8155338764190674,0.8280256390571594,0.8217322826385498,0.8196209669113159
23,0.0,0.20064464141821114,0.19946091644204852,0.11566265060240964,0.0,0.041918555187055215,0.33464566929133854,0.2411067193675889,0.27165354330708663,0.7064250707626343,0.6839966773986816,0.6950299739837646,0.5853071212768555
24,0.0,0.28437233134073436,0.39999999999999997,0.11460258780036968,1.0,0.2727272727272727,0.6987951807228915,0.4138972809667673,0.3795180722891567,0.81884765625,0.8160979747772217,0.8174704909324646,0.8758817911148071
25,0.0,0.31803278688524594,0.52,0.19196062346185397,1.0,0.4180327868852459,0.7798408488063662,0.49599999999999994,0.48275862068965514,0.8301905393600464,0.853927493095398,0.8418917059898376,0.8099756240844727
26,0.0,0.346435709526982,0.4278768233387358,0.1535764375876578,1.0,0.2857142857142857,0.7385786802030456,0.4758269720101781,0.5025380710659898,0.8200550079345703,0.8140472769737244,0.8170400857925415,0.897810161113739
27,0.0,0.2038412291933419,0.2915407854984894,0.06840264282938205,1.0,0.16771488469601675,0.48217522658610273,0.3254688445251059,0.3057401812688822,0.8134683966636658,0.8355256915092468,0.8243495225906372,0.8733510375022888
28,0.0,0.37262357414448666,0.5657568238213398,0.0718409236690186,1.0,0.4527363184079602,0.7581967213114753,0.5267489711934157,0.5122950819672131,0.8326486945152283,0.869350790977478,0.8506039977073669,0.7769894003868103
29,0.0,0.36186280679672755,0.37453183520599254,0.11339475549255847,1.0,0.26586102719033233,0.7103174603174605,0.5248508946322067,0.48412698412698413,0.8269021511077881,0.8725119829177856,0.8490950465202332,0.7166585922241211
30,0.0,0.3301719027860107,0.40275387263339074,0.0852233676975945,0.0,0.2515151515151515,0.7410714285714286,0.4161073825503355,0.3861607142857143,0.8135330080986023,0.8310428261756897,0.8221946954727173,0.6626103520393372
31,0.0,0.45421245421245426,0.6031746031746031,0.23120567375886525,0.0,0.4597156398104265,0.7965367965367965,0.5565217391304348,0.5930735930735931,0.7738549113273621,0.7988256216049194,0.7861420512199402,0.9051060080528259
32,0.0,0.37796208530805686,0.4709897610921502,0.2349799732977303,0.0,0.3443708609271523,0.7184466019417475,0.49268292682926834,0.5291262135922331,0.7847102880477905,0.7890477776527405,0.7868729829788208,0.8873248100280762
33,0.0,0.41637010676156583,0.5188679245283018,0.26908396946564883,0.0,0.4224137931034483,0.7465753424657535,0.49655172413793097,0.541095890410959,0.8275277614593506,0.8701998591423035,0.8483275175094604,0.8798924684524536
34,0.0,0.433392539964476,0.5048543689320388,0.3875114784205693,0.0,0.41991371736587324,0.7630769230769231,0.49535603715170273,0.5661538461538461,0.8488413095474243,0.8396245241165161,0.844207763671875,0.7934548854827881
35,0.0,0.3365650969529086,0.5724907063197026,0.22190812720848058,1.0,0.4391891891891892,0.7888040712468193,0.5370843989769821,0.529262086513995,0.8307020664215088,0.8649734258651733,0.8474913835525513,0.7282857298851013
36,0.0,0.4248704663212435,0.5401459854014597,0.10149253731343283,0.0,0.3332500812452976,0.7759562841530054,0.5966850828729281,0.5683060109289617,0.8718279600143433,0.8362280130386353,0.8536569476127625,0.9157487154006958
37,0.0,0.3500660501981506,0.43902439024390244,0.11292719167904904,0.0,0.3384615384615385,0.6574585635359116,0.34444444444444444,0.4143646408839779,0.7528862357139587,0.7924394011497498,0.7721566557884216,0.8169869184494019
38,0.0,0.41910966340933764,0.5652173913043478,0.21829268292682927,1.0,0.37362637362637363,0.7554671968190855,0.5508982035928144,0.5487077534791253,0.8368178009986877,0.8566313982009888,0.8466086387634277,0.8352794051170349
39,0.0,0.26136363636363635,0.33962264150943394,0.08421052631578947,0.0,0.22644712610623716,0.7341040462427745,0.3488372093023256,0.3988439306358382,0.7277234196662903,0.7696278691291809,0.7480893135070801,0.7964961528778076
40,0.0,0.3857566765578635,0.3689320388349514,0.08365019011406843,0.0,0.19629133265834536,0.5559322033898305,0.39590443686006827,0.4542372881355932,0.8263471126556396,0.7983102798461914,0.8120867609977722,0.8444854021072388
41,0.0,0.3727569331158238,0.5627240143369175,0.16421052631578947,1.0,0.4725274725274725,0.7956989247311829,0.5606469002695418,0.4999999999999999,0.8329896926879883,0.8559654951095581,0.8443213105201721,0.8836419582366943
42,0.0,0.3169877408056042,0.42391304347826086,0.06641366223908918,0.0,0.284313725490196,0.697841726618705,0.3405797101449275,0.45323741007194246,0.8201112747192383,0.8445478081703186,0.8321502208709717,0.8389371633529663
43,0.0,0.4880382775119617,0.46792452830188674,0.1912568306010929,1.0,0.29936305732484075,0.7493540051679587,0.5402597402597403,0.6098191214470284,0.7833211421966553,0.8085524439811707,0.7957367897033691,0.9060865640640259
44,0.0,0.2884882108183079,0.3487179487179487,0.16594641313742436,1.0,0.16661048441368329,0.5085910652920962,0.33217993079584773,0.4054982817869416,0.7812354564666748,0.7426815629005432,0.7614708542823792,0.7860372066497803
45,0.0,0.5444015444015444,0.539568345323741,0.3948312993539124,1.0,0.39473684210526316,0.7878787878787877,0.5429362880886426,0.6721763085399448,0.8483927845954895,0.8691688776016235,0.8586551547050476,0.811185359954834
46,0.0,0.44425956738768724,0.6,0.3844731977818854,1.0,0.42735042735042733,0.776978417266187,0.5289855072463768,0.5467625899280575,0.837570309638977,0.8599722981452942,0.8486234545707703,0.9276949167251587
47,0.0,0.037572254335260125,0.02666666666666666,0.055248618784530384,0.0,1.811047320305559e-10,0.0679611650485437,0.04901960784313726,0.0679611650485437,0.6715307235717773,0.5406861305236816,0.5990468859672546,0.4782674014568329
48,0.0,0.29764453961456105,0.4861111111111111,0.0883489784649365,1.0,0.33536585365853666,0.7782426778242678,0.5210084033613446,0.5188284518828452,0.7801104187965393,0.810157060623169,0.7948498725891113,0.790342390537262
49,0.0,0.32418300653594767,0.4657534246575342,0.14352783366867874,0.0,0.29310344827586204,0.7362924281984334,0.4199475065616798,0.44386422976501305,0.781660795211792,0.8031637668609619,0.7922664284706116,0.8897268176078796
50,0.0,0.33852691218130315,0.4740532959326789,0.1512812596480395,1.0,0.29670329670329665,0.6397694524495677,0.49855630413859486,0.46685878962536026,0.8534534573554993,0.8707581758499146,0.8620190024375916,0.9190207719802856
51,0.0,0.25610859728506785,0.3706563706563707,0.08100289296046287,0.0,0.20708446866485014,0.5597189695550351,0.39906103286384975,0.38173302107728335,0.8438020944595337,0.854686975479126,0.8492096066474915,0.8054170608520508
52,0.0,0.21111111111111114,0.30697674418604654,0.08372978116079924,0.0,0.09002143995437109,0.33015873015873015,0.21725239616613418,0.2920634920634921,0.7153847813606262,0.6605730056762695,0.6868872046470642,0.731844425201416
53,0.0,0.3630742049469965,0.454054054054054,0.08848715509039011,1.0,0.32075471698113206,0.7966666666666667,0.5618729096989966,0.51,0.7702171802520752,0.7945885062217712,0.782213032245636,0.7869126796722412
54,0.0,0.3893905191873589,0.4641638225255973,0.04642039882314482,1.0,0.3061224489795918,0.7823204419889503,0.5669988925802879,0.512707182320442,0.8331247568130493,0.8527263402938843,0.8428115844726562,0.8802791833877563
55,0.0,0.3599722029186936,0.49890590809628005,0.14063848144952545,1.0,0.3041958041958042,0.7151515151515152,0.519756838905775,0.5515151515151515,0.7737419605255127,0.7632774710655212,0.7684740424156189,0.8346472382545471
56,0.0,0.3189087488240828,0.3782234957020057,0.2651875330163761,1.0,0.24347826086956523,0.7212475633528265,0.4814090019569472,0.47563352826510724,0.8299325108528137,0.8397199511528015,0.8347975015640259,0.8514459133148193
57,0.0,0.3958521190261497,0.6077586206896551,0.09839572192513368,1.0,0.43620571612670594,0.7804878048780488,0.5709624796084828,0.559349593495935,0.8830602169036865,0.8847638368606567,0.8839112520217896,0.9541482925415039
58,0.0,0.04495504495504499,0.03864734299516908,0.07824427480916031,0.0,1.5804407271568463e-10,0.06514657980456026,0.05901639344262295,0.06514657980456026,0.7695820331573486,0.6675065755844116,0.7149191498756409,0.6787508726119995
59,0.0,0.42627960275019094,0.4978354978354978,0.08609007572738142,1.0,0.4117647058823529,0.7923497267759562,0.526027397260274,0.5546448087431693,0.8696707487106323,0.8852076530456543,0.8773704767227173,0.8592981696128845
60,0.0,0.2068965517241379,0.2564102564102564,0.2387332521315469,0.0,0.049226213692542105,0.3397683397683397,0.2412451361867704,0.2857142857142857,0.7966227531433105,0.750548243522644,0.7728994488716125,0.7941553592681885
61,0.0,0.31591448931116395,0.42937853107344626,0.1499330655957162,1.0,0.33617361753135483,0.7280701754385965,0.49557522123893805,0.4649122807017544,0.8448992371559143,0.8183090686798096,0.8313916325569153,0.8463225364685059
62,0.0,0.34782608695652173,0.41463414634146345,0.0851063829787234,1.0,0.23231369672105212,0.6075949367088608,0.3999999999999999,0.46413502109704646,0.8312593698501587,0.8294776082038879,0.8303675651550293,0.877515435218811
63,0.0,0.3113207547169812,0.4597014925373134,0.04961832061068702,1.0,0.2610619469026549,0.6150712830957229,0.42944785276073616,0.4480651731160896,0.7890731692314148,0.8187360763549805,0.8036309480667114,0.6509702205657959
64,0.0,0.48426573426573427,0.5294117647058825,0.15180265654648956,0.0,0.41117693223970647,0.7894736842105262,0.6556291390728477,0.5526315789473685,0.881657063961029,0.8578343391418457,0.8695825338363647,0.9407720565795898
65,0.0,0.2571428571428571,0.36220472440944884,0.3910806174957118,1.0,0.052210433384849556,0.3529411764705882,0.2619047619047619,0.3411764705882353,0.8944293856620789,0.7602720260620117,0.8219122290611267,0.7701448202133179
66,0.0,0.39094650205761317,0.5,0.24384787472035793,1.0,0.37037037037037035,0.7901234567901235,0.5809128630705394,0.5020576131687243,0.8068092465400696,0.8312939405441284,0.8188686370849609,0.8626709580421448
67,0.0,0.15066469719350073,0.1545893719806763,0.19603267211201866,0.0,0.009714549925436869,0.23529411764705882,0.13240418118466898,0.20069204152249134,0.7159085273742676,0.6289325952529907,0.6696079969406128,0.6589747667312622
68,0.0,0.015306122448979553,0.0,0.023411371237458192,0.0,0.0,0.0130718954248366,0.0,0.0130718954248366,0.6769381761550903,0.5604397058486938,0.6132047772407532,0.5502446293830872
69,0.0,0.4952510176390773,0.4542124542124542,0.46849518161601184,0.0,0.3571428571428572,0.6989795918367346,0.48717948717948717,0.5255102040816327,0.7844043374061584,0.7869629859924316,0.7856816053390503,0.8587955236434937
70,0.0,0.02358490566037741,0.019047619047619046,0.036613272311212815,1.0,6.778988652393849e-09,0.030534351145038167,0.015503875968992248,0.030534351145038167,0.6859802007675171,0.5778971314430237,0.6273171901702881,0.5824750065803528
71,0.0,0.393719806763285,0.32061068702290074,0.41148325358851673,0.0,0.15738244037561896,0.56,0.43930635838150284,0.5257142857142858,0.8396434783935547,0.8037621974945068,0.8213111758232117,0.8248484134674072
72,0.0,0.529262086513995,0.625,0.2480252764612954,0.0,0.4274535922866364,0.7260726072607261,0.6378737541528239,0.6600660066006602,0.8967569470405579,0.8755996227264404,0.8860520720481873,0.9384807348251343
73,0.0,0.31530139103554866,0.30952380952380953,0.2081949058693245,0.0,0.10008234000604548,0.4918032786885246,0.3966942148760331,0.4754098360655738,0.7977959513664246,0.7708390951156616,0.7840859293937683,0.9115837812423706
74,0.0,0.3531409168081494,0.2625,0.05229936880072137,0.0,0.21725758879291426,0.6711864406779662,0.5187713310580205,0.5491525423728815,0.8404821753501892,0.8467274904251099,0.8435932993888855,0.8559082746505737
75,0.0,0.44375772558714466,0.5469387755102042,0.11087113030957524,1.0,0.34083543501794467,0.6686390532544377,0.4285714285714286,0.5680473372781065,0.8021197319030762,0.8170034885406494,0.8094931840896606,0.9238916635513306
76,0.0,0.5013368983957219,0.5533596837944663,0.1612167300380228,0.0,0.375,0.7403598971722365,0.5684754521963825,0.5809768637532134,0.8143942952156067,0.8366155028343201,0.8253554105758667,0.7948628067970276
77,0.0,0.4182590233545648,0.5380116959064328,0.18357487922705315,0.0,0.37435897435897436,0.7351129363449692,0.5525773195876289,0.5503080082135523,0.7747119069099426,0.7987253665924072,0.786535382270813,0.9097409844398499
78,0.0,0.3605042016806723,0.4395604395604396,0.05227492739593417,0.0,0.3073394495412844,0.7198581560283688,0.48398576512455516,0.400709219858156,0.8283124566078186,0.834068238735199,0.8311803340911865,0.9221090078353882
79,0.0,0.34791252485089463,0.4721603563474388,0.11304347826086956,1.0,0.2745762711864407,0.6698564593301435,0.4896,0.48803827751196177,0.8439664840698242,0.870497465133667,0.8570266962051392,0.7701115608215332
80,0.0,0.020176544766708715,0.025157232704402517,0.024691358024691357,0.0,1.600798982153505e-09,0.026200873362445417,0.0,0.026200873362445417,0.6768287420272827,0.5288789868354797,0.593776524066925,0.634028434753418
81,0.0,0.2580299785867237,0.3310657596371882,0.03371226969815758,0.0,0.1761006289308176,0.4967105263157895,0.27722772277227725,0.34210526315789475,0.7549681663513184,0.7665740847587585,0.7607268691062927,0.8610996007919312
82,0.0,0.391653290529695,0.49760765550239233,0.06201550387596899,1.0,0.26192457264956703,0.5224489795918368,0.4444444444444444,0.5142857142857142,0.8519632816314697,0.8233262896537781,0.8374000191688538,0.885818600654602
83,0.0,0.30441640378548895,0.4333333333333333,0.07794508414526129,1.0,0.2900992114089172,0.691029900332226,0.38795986622073575,0.4584717607973422,0.80096834897995,0.8224977254867554,0.811590313911438,0.8137887716293335
84,0.0,0.36111111111111116,0.4669811320754717,0.0963855421686747,1.0,0.31851851851851853,0.7488584474885845,0.5038167938931297,0.4840182648401827,0.7861354351043701,0.8011214733123779,0.7935576438903809,0.6858593225479126
85,0.0,0.045608108108108114,0.019230769230769232,0.06774193548387097,0.0,8.279875437570334e-09,0.06451612903225806,0.05434782608695653,0.06451612903225806,0.7514252662658691,0.659821629524231,0.7026504278182983,0.7208573818206787
86,0.0,0.24035369774919613,0.2613981762917933,0.07421875,0.0,0.16115702479338842,0.5115452930728241,0.2602495543672015,0.34103019538188273,0.7706595063209534,0.7790508270263672,0.7748324871063232,0.766156792640686
87,0.0,0.4821826280623608,0.5250737463126843,0.037282020444978956,1.0,0.4117647058823529,0.6682027649769585,0.5092592592592593,0.5668202764976958,0.7965444326400757,0.7807592153549194,0.7885727882385254,0.8215749859809875
88,0.0,0.3719101123595505,0.35256410256410253,0.0675422138836773,0.0,0.24711128259680928,0.6305882352941177,0.3498817966903073,0.3905882352941176,0.8088123798370361,0.8448078036308289,0.8264182806015015,0.879791259765625
89,0.0,0.33018867924528306,0.5224171539961013,0.10750100280786201,0.0,0.3689655172413793,0.8116788321167884,0.5065885797950219,0.4291970802919708,0.8376936912536621,0.8744833469390869,0.8556932806968689,0.8126988410949707
90,0.0,0.29384615384615387,0.39189189189189194,0.09917355371900827,0.0,0.271523178807947,0.6218487394957984,0.3154929577464789,0.37535014005602246,0.7721655368804932,0.7711838483810425,0.7716743350028992,0.7711564898490906
91,0.0,0.347068145800317,0.4309392265193371,0.15400624349635797,1.0,0.28641725597541023,0.5952380952380952,0.40800000000000003,0.46825396825396826,0.8115867376327515,0.8093881607055664,0.8104860186576843,0.7777584791183472
92,0.0,0.43999999999999995,0.36764705882352944,0.31029619181946405,0.0,0.22811388141339603,0.5829145728643216,0.3350253807106599,0.44221105527638194,0.8105824589729309,0.8011122941970825,0.8058195114135742,0.8572617769241333
93,0.0,0.4336734693877551,0.5895953757225434,0.16176470588235295,0.0,0.4077669902912621,0.7171314741035856,0.5381526104417671,0.5657370517928287,0.8471364974975586,0.8714219927787781,0.8591076135635376,0.8364218473434448
94,0.0,0.48313253012048196,0.5498281786941581,0.4188976377952756,0.0,0.3854166666666667,0.6706586826347305,0.5602409638554217,0.6287425149700598,0.8477634787559509,0.9032951593399048,0.8746488094329834,0.8752686977386475
95,0.0,0.08120011010184425,0.07733333333333334,0.022410358565737053,0.0,0.03881987577639751,0.18867924528301888,0.08128544423440454,0.12452830188679245,0.7124137878417969,0.7282354831695557,0.7202377915382385,0.39006227254867554
96,0.0,0.27808069792802614,0.4135338345864662,0.09249431387414708,0.0,0.24855491329479765,0.5402597402597402,0.3289817232375979,0.3428571428571428,0.7606806755065918,0.7892890572547913,0.7747208476066589,0.7453487515449524
97,0.0,0.2681954137587238,0.3795180722891566,0.09688122096881222,0.0,0.2372093023255814,0.5982532751091704,0.33771929824561403,0.31441048034934493,0.7508707046508789,0.7805304527282715,0.7654133439064026,0.8216285705566406
98,0.0,0.3081140350877193,0.44666666666666666,0.14383561643835616,0.0,0.27807486631016043,0.64,0.38605898123324395,0.4053333333333333,0.7411001920700073,0.7647203207015991,0.7527250051498413,0.7790411114692688
99,0.0,0.3627049180327869,0.3813953488372093,0.20378151260504201,0.0,0.2711864406779661,0.7197231833910035,0.4529616724738676,0.4775086505190312,0.8024723529815674,0.8050419688224792,0.8037551045417786,0.9106829166412354
100,0.0,0.5070621468926554,0.6396396396396395,0.1872410936205468,1.0,0.4639118387224108,0.7454545454545455,0.5853658536585367,0.6121212121212122,0.883603572845459,0.8576920032501221,0.8704549670219421,0.8064005374908447
101,0.0,0.3521790341578327,0.42718446601941745,0.1092694904849601,0.0,0.33536585365853666,0.7964601769911505,0.52,0.5132743362831858,0.7657101154327393,0.7743242979049683,0.7699931263923645,0.8414669036865234
102,0.0,0.3130841121495327,0.4606413994169096,0.10462287104622871,1.0,0.29333333333333333,0.6503067484662577,0.46817248459958927,0.40081799591002043,0.7640988826751709,0.8035904169082642,0.7833472490310669,0.8225456476211548
103,0.0,0.4206128133704735,0.5228758169934641,0.25820568927789933,0.0,0.4155844155844156,0.772378516624041,0.5398457583547559,0.5421994884910486,0.7944779992103577,0.8024970889091492,0.7984673976898193,0.7315557599067688
104,0.0,0.26483050847457623,0.3779904306220096,0.0639763779527559,0.0,0.2040816326530612,0.5513698630136986,0.29553264604811,0.32191780821917804,0.7431696057319641,0.7576535940170288,0.7503416538238525,0.8323020935058594
105,0.0,0.42324561403508776,0.5217391304347826,0.06491885143570537,0.0,0.38202247191011235,0.6724137931034483,0.4347826086956521,0.49137931034482757,0.8657769560813904,0.8495500683784485,0.8575868010520935,0.8886190056800842
106,0.0,0.2707034728406055,0.3617571059431524,0.07076566125290024,1.0,0.22556390977443608,0.6583629893238434,0.41071428571428575,0.3594306049822064,0.7495498657226562,0.7838735580444336,0.7663275599479675,0.7173206806182861
107,0.0,0.31758720930232553,0.4553191489361702,0.15463437354448067,0.0,0.2996632996632997,0.690625,0.5047021943573667,0.44687499999999997,0.8641733527183533,0.8725318908691406,0.8683324456214905,0.7094090580940247
108,0.0,0.02716468590831922,0.0,0.046052631578947366,0.0,0.0,0.02580645161290323,0.013071895424836602,0.02580645161290323,0.7046048045158386,0.5941652059555054,0.6446895003318787,0.5650277137756348
109,0.0,0.4313380281690141,0.5315315315315315,0.08461538461538462,0.0,0.41739130434782606,0.7641196013289037,0.5083612040133779,0.49169435215946844,0.8422501087188721,0.8454731106758118,0.843858540058136,0.865338921546936
110,0.0,0.17822333611807295,0.17108433734939757,0.045444319460067495,1.0,0.0719225449515906,0.3788476716653512,0.28932806324110677,0.2525651144435675,0.8200920224189758,0.8509174585342407,0.8352203965187073,0.7826995849609375
111,0.0,0.4129235618597321,0.4971428571428571,0.3108108108108108,0.0,0.3288888888888889,0.634508348794063,0.5139664804469274,0.5491651205936919,0.7751786708831787,0.7946115732192993,0.7847748398780823,0.6454775929450989
112,0.0,0.27296587926509186,0.3407407407407407,0.049160671462829736,0.0,0.1711229946524064,0.602510460251046,0.36134453781512604,0.405857740585774,0.8008559942245483,0.824777364730835,0.8126406669616699,0.7807279825210571
113,0.0,0.4217194570135746,0.4851752021563342,0.11824153612935827,1.0,0.3333333333333333,0.7816091954022989,0.5192307692307692,0.5325670498084291,0.8515931963920593,0.8656288385391235,0.8585536479949951,0.8208203315734863
114,0.0,0.025606469002695365,0.017699115044247787,0.03416557161629435,0.0,2.0417921447195276e-09,0.03389830508474576,0.025641025641025637,0.03389830508474576,0.6862084269523621,0.5755387544631958,0.6260201334953308,0.6471682786941528
115,0.0,0.3310104529616724,0.3455497382198953,0.18345323741007194,0.0,0.25,0.6550522648083623,0.3929824561403509,0.6062717770034843,0.8167917728424072,0.7978067398071289,0.8071876168251038,0.8904274702072144
116,0.0,0.20900774102744546,0.34202898550724636,0.05331939362258233,1.0,0.21576763485477177,0.510166358595194,0.32282003710575136,0.4029574861367837,0.7473564147949219,0.7685796022415161,0.757819414138794,0.718340277671814
117,0.0,0.3515625,0.5544554455445544,0.06382978723404255,0.0,0.4024390243902439,0.7218045112781954,0.47858942065491183,0.4611528822055138,0.7904841303825378,0.8064093589782715,0.7983673214912415,0.8556535840034485
118,0.0,0.021194605009633882,0.023809523809523808,0.03007518796992481,0.0,6.744030468278369e-07,0.025806451612903226,0.0,0.025806451612903226,0.6626657247543335,0.5187463760375977,0.5819399356842041,0.6602384448051453
119,0.0,0.4029268292682927,0.46923076923076923,0.08398320335932813,0.0,0.2874251497005988,0.6574712643678161,0.4849884526558891,0.496551724137931,0.7906079292297363,0.8093454837799072,0.7998669743537903,0.7792590260505676
120,0.0,0.24940898345153661,0.14379084967320263,0.061971830985915494,0.0,0.08626527717327606,0.3971291866028708,0.057692307692307696,0.27751196172248804,0.7190730571746826,0.7078413963317871,0.7134130597114563,0.76628577709198
121,0.0,0.45019920318725104,0.5227272727272727,0.4640943193997856,1.0,0.4143646408839779,0.797752808988764,0.575187969924812,0.5805243445692884,0.8449921011924744,0.8492205142974854,0.8471009731292725,0.8864160180091858
122,0.0,0.38858695652173914,0.6431372549019608,0.13688212927756654,1.0,0.5774058577405857,0.7947454844006567,0.556836902800659,0.5320197044334977,0.8573164939880371,0.859713077545166,0.8585131168365479,0.865120530128479
123,0.0,0.32384823848238486,0.3394495412844037,0.204311152764761,0.0,0.13743391965402807,0.5263157894736842,0.39575971731448767,0.4842105263157894,0.8370236158370972,0.7953394055366516,0.8156492114067078,0.8797017931938171
124,0.0,0.02684563758389258,0.03314917127071824,0.03129074315514994,1.0,1.6362983448538883e-09,0.038461538461538464,0.009708737864077669,0.038461538461538464,0.6955530643463135,0.5697040557861328,0.6263697743415833,0.5994052886962891
125,0.0,0.2889200561009818,0.37065637065637064,0.0888529886914378,1.0,0.25249450406217094,0.58679706601467,0.39803439803439805,0.44498777506112475,0.771668553352356,0.7786480188369751,0.7751426100730896,0.7317299842834473
126,0.0,0.07594936708860756,0.04098360655737705,0.08372978116079924,0.0,4.100767999066908e-05,0.14444444444444446,0.05027932960893855,0.10555555555555556,0.6372174620628357,0.5229184627532959,0.5744374394416809,0.5559966564178467
127,0.0,0.11912350597609567,0.09516380655226207,0.03133951137320977,0.0,0.04625346901017577,0.20761245674740486,0.05541810984661059,0.16806722689075632,0.7443808913230896,0.7447420358657837,0.7445614337921143,0.7652995586395264
128,0.0,0.4,0.5874439461883407,0.35046248715313466,1.0,0.44047619047619047,0.787878787878788,0.527027027027027,0.5521885521885522,0.8579800128936768,0.8677023649215698,0.8628138303756714,0.8598544597625732
129,0.0,0.3599493029150824,0.3636363636363636,0.05185185185185185,1.0,0.23935406417208605,0.6157760814249363,0.3785166240409207,0.44274809160305345,0.7218610048294067,0.7189785242080688,0.7204169034957886,0.788675844669342
130,0.0,0.41886269070735094,0.6175637393767706,0.12490706319702602,0.0,0.48656448899053195,0.7868131868131868,0.5474613686534215,0.5582417582417583,0.854313313961029,0.8678449392318726,0.8610260486602783,0.9139008522033691
131,0.0,0.015113350125944613,0.011560693641618498,0.01486988847583643,0.0,2.2858853007928675e-14,0.017467248908296942,0.0,0.017467248908296942,0.656386137008667,0.5397664308547974,0.592391312122345,0.5468580722808838
132,0.0,0.09561403508771926,0.06940063091482651,0.12818532818532818,1.0,0.00012749302654684806,0.1108433734939759,0.0774818401937046,0.10602409638554215,0.671460747718811,0.6201820373535156,0.6448034644126892,0.6362290978431702
133,0.0,0.30808080808080807,0.4660869565217391,0.054313099041533544,0.0,0.3664383561643836,0.7704485488126649,0.3994708994708994,0.3614775725593668,0.7973010540008545,0.8219377398490906,0.8094319701194763,0.5913066864013672
134,0.0,0.3892339544513458,0.5376344086021505,0.1878754778809394,0.0,0.41286662448477135,0.8387096774193548,0.5996592844974447,0.5908319185059423,0.8619258999824524,0.8678630590438843,0.8648842573165894,0.8468844890594482
135,0.0,0.31006160164271046,0.5263157894736843,0.11616766467065869,0.0,0.36137817787940746,0.6885245901639345,0.48148148148148145,0.4754098360655738,0.7708262801170349,0.7833507061004639,0.7770379781723022,0.6941672563552856
136,0.0,0.31913774973711884,0.4759124087591241,0.1886435331230284,1.0,0.3182957393483709,0.7215601300108343,0.4777415852334419,0.44853737811484296,0.822307825088501,0.8436658978462219,0.8328499794006348,0.6556891798973083
137,0.0,0.34212567882079126,0.4615384615384615,0.08485401459854014,1.0,0.3203789847439883,0.6923076923076924,0.4320987654320988,0.4492307692307692,0.8215710520744324,0.8251484632492065,0.8233559131622314,0.8203426599502563
138,0.0,0.061196105702364445,0.08187134502923976,0.09746588693957114,0.0,2.165424342302198e-06,0.12195121951219512,0.10612244897959183,0.12195121951219512,0.6820095777511597,0.5637060403823853,0.6172402501106262,0.5351608991622925
139,0.0,0.32940446650124067,0.4935897435897435,0.18093249826026445,1.0,0.3565217391304348,0.7714987714987713,0.5,0.47665847665847666,0.836573600769043,0.8600919246673584,0.8481698036193848,0.6949925422668457
140,0.0,0.3072664359861592,0.48245614035087725,0.09247135842880523,1.0,0.3181818181818182,0.6857142857142857,0.4583901773533424,0.4625850340136054,0.804864764213562,0.8576846122741699,0.8304356336593628,0.8048561811447144
141,0.0,0.2839300582847627,0.503529411764706,0.08668197474167623,0.0,0.3207207207207207,0.6302083333333334,0.46260869565217394,0.36979166666666663,0.8121193051338196,0.8554934859275818,0.8332422971725464,0.7571991682052612
142,0.0,0.28768341485104487,0.4608938547486034,0.04959143420681882,1.0,0.31234866828087166,0.7259528130671505,0.4218181818181818,0.39019963702359345,0.8114690780639648,0.8449233174324036,0.8278583884239197,0.836560845375061
143,0.0,0.314327485380117,0.5617173524150267,0.2364266461301502,1.0,0.4421768707482993,0.787716955941255,0.535475234270415,0.4939919893190921,0.8283381462097168,0.8477677702903748,0.8379403352737427,0.84886634349823
144,0.0,0.39460539460539457,0.6311300639658848,0.3452082288008028,1.0,0.5375795959294581,0.8748114630467572,0.6323751891074131,0.5520361990950227,0.8504977226257324,0.8644583821296692,0.8574212789535522,0.8795815706253052
145,0.0,0.27913279132791324,0.3670886075949367,0.03939008894536213,0.0,0.27586206896551724,0.6699900299102692,0.3796203796203796,0.3489531405782652,0.8120457530021667,0.8365786075592041,0.8241296410560608,0.562225341796875
146,0.0,0.2709677419354839,0.4783258594917788,0.10311165344722392,0.0,0.3387096774193548,0.6898002103049421,0.3898840885142255,0.3554153522607782,0.8119339942932129,0.8021471500396729,0.8070108890533447,0.8003755211830139
147,0.0,0.30313293818797626,0.31415929203539816,0.11320754716981132,1.0,0.19153274807429638,0.5719237435008665,0.37565217391304345,0.4090121317157712,0.7710124850273132,0.7756599187850952,0.7733292579650879,0.7775130867958069
148,0.0,0.2982248520710059,0.448566610455312,0.06429070580013976,0.0,0.32743669638861356,0.7094017094017093,0.43897216274089934,0.38247863247863245,0.8080950379371643,0.8024113178253174,0.805243194103241,0.8000105619430542
149,0.0,0.31603053435114503,0.5426944971537002,0.04304778303917348,0.0,0.3811188811188811,0.799468791500664,0.5272969374167776,0.4276228419654714,0.8407832384109497,0.8537717461585999,0.8472276926040649,0.7978277206420898
150,0.0,0.3868534482758621,0.44162436548223355,0.19619865113427346,1.0,0.3436175673788295,0.6557377049180328,0.4611764705882353,0.5011709601873536,0.7387369871139526,0.7344381809234619,0.7365813255310059,0.7928876876831055
151,0.0,0.337708830548926,0.5914634146341463,0.2618900555898703,1.0,0.47904191616766467,0.8024439918533605,0.5725971370143149,0.5254582484725051,0.8685368299484253,0.884628415107727,0.8765087723731995,0.9137680530548096
152,0.0,0.2942528735632184,0.44282238442822386,0.20305052430886558,0.0,0.30566037735849055,0.6555740432612313,0.4507512520868114,0.42595673876871876,0.8088173866271973,0.8438116312026978,0.8259440064430237,0.8757627010345459
153,0.0,0.3158536585365853,0.336,0.10208816705336426,1.0,0.19515197445944105,0.6120218579234972,0.4065934065934066,0.44808743169398907,0.7630488872528076,0.7576427459716797,0.7603362202644348,0.7561581134796143
154,0.0,0.44239226033421286,0.5909090909090909,0.09019788311090658,1.0,0.4370811397295929,0.7764705882352941,0.5463743676222598,0.6252100840336134,0.8508155345916748,0.8516553640365601,0.8512352705001831,0.8531478643417358
155,0.0,0.35862619808306706,0.396135265700483,0.1712,0.0,0.29098360655737704,0.6491803278688525,0.4605263157894737,0.49836065573770494,0.8366073966026306,0.8482373952865601,0.8423823118209839,0.8648527264595032
156,0.0,0.40904419321685503,0.611111111111111,0.3828167482327352,1.0,0.49019607843137253,0.798598949211909,0.6010544815465729,0.5814360770577933,0.778577983379364,0.7894957065582275,0.7839988470077515,0.9140377640724182
157,0.0,0.3487179487179487,0.4697508896797153,0.22596153846153846,1.0,0.2495891685683323,0.6478149100257069,0.4289405684754522,0.44730077120822626,0.799214780330658,0.779967188835144,0.7894737124443054,0.9009428024291992
158,0.0,0.3721356553620532,0.4888888888888889,0.12658227848101267,1.0,0.3557312252964427,0.7793103448275861,0.47058823529411764,0.47241379310344833,0.8409266471862793,0.8547521829605103,0.847783088684082,0.8440631628036499
159,0.0,0.3483606557377049,0.5746031746031746,0.1766479965532098,1.0,0.43729903536977494,0.7496382054992764,0.47895500725689405,0.47756874095513746,0.8647547960281372,0.862952709197998,0.863852858543396,0.8948431611061096
160,0.0,0.21728903263745958,0.27232142857142855,0.08914642299977714,1.0,0.14082503556187767,0.4594807238394965,0.3215130023640662,0.3178599527930763,0.8094130158424377,0.8275876045227051,0.8183994293212891,0.7651635408401489
161,0.0,0.3224155578300921,0.3055555555555555,0.09578107183580388,1.0,0.2311410297934634,0.6174496644295303,0.32808988764044944,0.38926174496644295,0.7935575246810913,0.80586838722229,0.799665629863739,0.7542418837547302
162,0.0,0.03942075623491548,0.019138755980861243,0.04437643458301454,0.0,1.254507751864822e-06,0.08433734939759036,0.012121212121212121,0.060240963855421686,0.6137712597846985,0.5152801275253296,0.5602297782897949,0.46596139669418335
163,0.0,0.36394790952707334,0.42058165548098436,0.2651428571428571,1.0,0.30493273542600896,0.7105624142661179,0.4759284731774415,0.4526748971193416,0.8819809556007385,0.8735615611076355,0.8777510523796082,0.9421798586845398
164,0.0,0.3150926743159753,0.4508670520231214,0.20913107511045656,1.0,0.2570093457943925,0.762589928057554,0.516245487364621,0.4676258992805755,0.8455008268356323,0.8625410795211792,0.853935956954956,0.8171429634094238
165,0.0,0.38547968885047534,0.5661252900232018,0.15903837263060563,0.0,0.3392857142857143,0.8288,0.4943820224719101,0.5248,0.8235167264938354,0.8219670653343201,0.8227411508560181,0.8680194616317749
166,0.0,0.014732965009208066,0.019900497512437814,0.019945602901178604,0.0,3.7624515617196705e-16,0.019672131147540982,0.013201320132013201,0.019672131147540982,0.6616562008857727,0.5533351898193359,0.6026670932769775,0.6425176858901978
167,0.0,0.32859078590785906,0.4737945492662474,0.17376913529168392,0.0,0.28869047619047616,0.7149059334298118,0.46153846153846156,0.42547033285094066,0.7720494866371155,0.7867114543914795,0.7793115377426147,0.8110750317573547
168,0.0,0.31433998100664773,0.5845511482254698,0.24582104228121926,1.0,0.46774193548387094,0.7620689655172415,0.47750865051903113,0.506896551724138,0.805304229259491,0.8401151299476624,0.8223414421081543,0.8560571074485779
169,0.0,0.33208114199849736,0.5098039215686275,0.1492921492921493,1.0,0.3190789473684211,0.7678018575851393,0.45652173913043476,0.48297213622291024,0.8103967905044556,0.8254785537719727,0.8178681135177612,0.8935286998748779
170,0.0,0.3792544570502431,0.31625835189309576,0.11933602512337371,0.0,0.24034334763948495,0.6854460093896713,0.4364207221350079,0.4507042253521127,0.8527317047119141,0.8206570148468018,0.8363869786262512,0.9160411357879639
171,0.0,0.31419558359621447,0.5466448445171851,0.0906958561376075,0.0,0.39255014326647564,0.7540173053152038,0.49318463444857497,0.4054388133498146,0.8090730309486389,0.8401155471801758,0.8243021965026855,0.7399565577507019
172,0.0,0.30114226375908615,0.4977578475336323,0.18083378451543042,1.0,0.35217391304347834,0.716636197440585,0.4587155963302752,0.39488117001828155,0.8400365114212036,0.8306048512458801,0.8352940082550049,0.8356608748435974
173,0.0,0.3156474820143885,0.5131578947368421,0.12072072072072072,0.0,0.4748858447488584,0.8243243243243242,0.5691056910569104,0.45945945945945943,0.8626638054847717,0.8594233989715576,0.8610405921936035,0.7817299365997314
174,0.0,0.32716836734693877,0.49070631970260226,0.23459539717891612,0.0,0.3621794871794871,0.7372262773722628,0.5,0.44038929440389296,0.8446834087371826,0.8386460542678833,0.8416538834571838,0.74651038646698
175,0.0,0.4074592074592075,0.4505494505494505,0.072459666006227,1.0,0.30161943319838064,0.7046413502109704,0.572938689217759,0.540084388185654,0.8103575110435486,0.8393698930740356,0.824608564376831,0.6453540921211243
176,0.0,0.3296438883541867,0.36701030927835054,0.1488398415393322,0.0,0.24305555555555555,0.7250257466529351,0.5015479876160991,0.46549948506694133,0.8482356071472168,0.8641803860664368,0.8561338186264038,0.8011988997459412
177,0.0,0.4283765347885402,0.4541832669322709,0.16387959866220736,0.0,0.27697741119009806,0.6301369863013698,0.4517906336088154,0.5424657534246575,0.7947375774383545,0.7675975561141968,0.780931830406189,0.8666068315505981
178,0.0,0.23475736209041886,0.326530612244898,0.06292668447610567,1.0,0.1337579617834395,0.5218198700092851,0.36837209302325585,0.35468895078922935,0.8481355905532837,0.8397969007492065,0.8439456224441528,0.8873163461685181
179,0.0,0.17084078711985684,0.1176470588235294,0.07983482450103235,0.0,0.015209255330700416,0.30288461538461536,0.18357487922705318,0.2355769230769231,0.6943012475967407,0.6934770345687866,0.6938889026641846,0.7211931943893433
180,0.0,0.348314606741573,0.6596858638743456,0.1382059800664452,1.0,0.5666689735827611,0.85,0.5815899581589958,0.4958333333333333,0.821703314781189,0.8158681988716125,0.8187753558158875,0.7977861166000366
181,0.0,0.36427850655903127,0.5251989389920424,0.308252427184466,1.0,0.3876651982378855,0.7626168224299067,0.49906191369606007,0.4710280373831776,0.7799608707427979,0.8061267137527466,0.7928279638290405,0.749469518661499
182,0.0,0.406832298136646,0.5490196078431372,0.21750663129973474,1.0,0.39285714285714285,0.750733137829912,0.5191740412979352,0.5161290322580645,0.8162188529968262,0.8216060996055603,0.8189035654067993,0.9289541244506836
183,0.0,0.5069444444444444,0.5380710659898477,0.1935483870967742,1.0,0.35336831827088505,0.7464788732394366,0.5815602836879433,0.6338028169014085,0.8573691844940186,0.8568648099899292,0.8571169376373291,0.8974829316139221
184,0.0,0.2946708463949843,0.4647302904564315,0.18710359408033828,1.0,0.2774390243902439,0.6039603960396039,0.423841059602649,0.39603960396039606,0.7659071683883667,0.7919435501098633,0.77870774269104,0.8749740123748779
185,0.0,0.4202302631578947,0.5105386416861826,0.2857142857142857,1.0,0.33455882352941174,0.7350427350427351,0.5591766723842196,0.5641025641025642,0.8373891115188599,0.8633361458778381,0.8501647114753723,0.8698358535766602
186,0.0,0.3084772370486656,0.44680851063829785,0.14352090862157976,1.0,0.30666666666666664,0.6491499227202474,0.4496124031007752,0.4142194744976816,0.7564998865127563,0.7717865705490112,0.7640668153762817,0.803092896938324
187,0.0,0.0653266331658291,0.109375,0.1130298273155416,1.0,0.00017947605857320315,0.10588235294117647,0.08333333333333333,0.10588235294117647,0.7682374715805054,0.6573864221572876,0.7085022926330566,0.7705502510070801
188,0.0,0.3622704507512521,0.5177993527508091,0.11247803163444639,1.0,0.3958333333333333,0.814207650273224,0.5274725274725275,0.540983606557377,0.8179670572280884,0.8163869380950928,0.8171762228012085,0.9192017912864685
189,0.0,0.3717834960070985,0.5025641025641027,0.19411764705882353,1.0,0.3901345291479821,0.7907801418439716,0.5088967971530249,0.5212765957446809,0.8466478586196899,0.8576497435569763,0.8521133065223694,0.9020653963088989
190,0.0,0.38772455089820357,0.4861111111111111,0.08955223880597014,1.0,0.38571428571428573,0.7907608695652174,0.569482288828338,0.5190217391304348,0.8508433103561401,0.8581386208534241,0.8544753789901733,0.7446620464324951
191,0.0,0.33333333333333337,0.4192634560906515,0.11864406779661017,1.0,0.31819186884362805,0.5890736342042755,0.4343675417661098,0.4465558194774347,0.7497355341911316,0.7270218133926392,0.7382040619850159,0.7145277857780457
192,0.0,0.08210526315789479,0.043715846994535526,0.07592592592592592,0.0,0.002107688035343473,0.2019543973941368,0.019672131147540982,0.11726384364820848,0.626377284526825,0.5059627890586853,0.559767484664917,0.5291857719421387
193,0.0,0.44663212435233157,0.6728538283062645,0.09988649262202043,0.0,0.5412663257514367,0.7813620071684588,0.5755395683453237,0.5734767025089605,0.8038278818130493,0.815147876739502,0.8094483017921448,0.923489511013031
194,0.0,0.3588277340957827,0.5212569316081331,0.1318435754189944,1.0,0.458856598838848,0.7865771812080538,0.48990578734858686,0.5342281879194631,0.8423219919204712,0.8461951613426208,0.8442541360855103,0.9005043506622314
195,0.0,0.3171355498721228,0.32754342431761785,0.039112050739957716,0.0,0.20212765957446807,0.7238805970149254,0.4794007490636704,0.47388059701492535,0.7455876469612122,0.7728064656257629,0.7589530944824219,0.8389009237289429
196,0.0,0.38092550790067725,0.39106145251396646,0.16880861410211878,1.0,0.18689320388349515,0.722291407222914,0.5368289637952559,0.5105853051058531,0.8185209631919861,0.8387579917907715,0.828515887260437,0.8702926635742188
197,0.0,0.011695906432748537,0.010256410256410256,0.015399422521655439,0.0,4.186744971038782e-16,0.01646090534979424,0.0,0.01646090534979424,0.6470925807952881,0.5102244019508362,0.5705652832984924,0.6463266611099243
198,0.0,0.30863192182410426,0.31851851851851853,0.12756516916250693,1.0,0.16906429400087894,0.5167037861915368,0.31767337807606266,0.34743875278396436,0.8104493618011475,0.817935585975647,0.8141752481460571,0.7828654646873474
199,0.0,0.43775100401606426,0.5,0.33682294037323623,1.0,0.43258426966292135,0.7734627831715212,0.5357142857142857,0.546925566343042,0.8429176807403564,0.8856189250946045,0.863740861415863,0.9632147550582886
200,0.0,0.39789964994165694,0.5119453924914675,0.13030116779348494,0.0,0.38823529411764707,0.793103448275862,0.4805194805194805,0.5215517241379309,0.7830443382263184,0.821672260761261,0.801893413066864,0.8228942155838013
201,0.0,0.38266384778012685,0.5310734463276836,0.10380622837370242,0.0,0.43669360837346377,0.7509293680297398,0.5093632958801497,0.5427509293680297,0.8685339093208313,0.8580372333526611,0.8632537126541138,0.9531809091567993
202,0.0,0.3980738362760835,0.4811320754716981,0.3350151362260343,1.0,0.21710526315789477,0.6363636363636364,0.43661971830985913,0.5034965034965035,0.8072251081466675,0.8437572717666626,0.8250870108604431,0.885526716709137
203,0.0,0.47874306839186687,0.5869565217391304,0.23638232271325796,0.0,0.3805309734513274,0.8081632653061224,0.6008230452674898,0.6204081632653062,0.8394638299942017,0.8636651635169983,0.8513925075531006,0.8709802627563477
204,0.0,0.3326693227091634,0.6470588235294118,0.14705882352941177,1.0,0.46206896551724136,0.7222222222222221,0.472,0.5,0.8053818941116333,0.829556941986084,0.8172906637191772,0.863417387008667
205,0.0,0.08270676691729328,0.09090909090909091,0.14383561643835616,0.0,0.0004508207635456443,0.13636363636363635,0.11627906976744186,0.13636363636363635,0.7671711444854736,0.6704092621803284,0.7155337929725647,0.671067476272583
206,0.0,0.4086021505376344,0.45086705202312133,0.2084848484848485,1.0,0.33018867924528295,0.7288135593220338,0.5042735042735043,0.5932203389830508,0.814195990562439,0.8480398654937744,0.8307733535766602,0.8846344947814941
207,0.0,0.3846153846153846,0.5579399141630902,0.23809523809523808,0.0,0.4551878057583628,0.7094339622641509,0.4866920152091255,0.5660377358490567,0.8301010131835938,0.827501118183136,0.8287990093231201,0.9337116479873657
208,0.0,0.463302752293578,0.4000000000000001,0.19791666666666666,1.0,0.2079207920792079,0.7488584474885844,0.5714285714285714,0.6301369863013699,0.8505454063415527,0.8511107563972473,0.8508280515670776,0.8994733095169067
209,0.0,0.43518518518518523,0.49032258064516127,0.19440745672436752,0.0,0.3689681129167494,0.7,0.4403669724770642,0.509090909090909,0.835639476776123,0.8151074647903442,0.82524573802948,0.9436569213867188
210,0.0,0.4985380116959064,0.6136363636363636,0.18896321070234115,1.0,0.526654904169823,0.7444444444444444,0.5810055865921787,0.6055555555555555,0.8715595006942749,0.869924783706665,0.8707413673400879,0.9300403594970703
211,0.0,0.08431703204047214,0.05454545454545456,0.13149847094801223,0.0,0.0007781083616944825,0.15730337078651688,0.09090909090909091,0.12359550561797752,0.7932157516479492,0.697661280632019,0.7423763275146484,0.6896061897277832
212,0.0,0.12594458438287148,0.05128205128205128,0.20087336244541484,1.0,0.00025832440966190926,0.16,0.1138211382113821,0.16,0.7807988524436951,0.7170776724815369,0.7475829124450684,0.7220346927642822
213,0.0,0.41420664206642066,0.5222222222222221,0.11369253583786455,1.0,0.3613861386138614,0.8060263653483993,0.6011342155009451,0.6214689265536723,0.8062772750854492,0.8102990388870239,0.8082831501960754,0.8900691270828247
214,0.0,0.074410163339383,0.07100591715976332,0.11036789297658862,1.0,8.221136725467953e-06,0.11834319526627218,0.08383233532934131,0.10650887573964497,0.7607254385948181,0.6767648458480835,0.716293215751648,0.6719323992729187
215,0.0,0.527542372881356,0.44943820224719094,0.188422247446084,1.0,0.3106796116504854,0.8048780487804877,0.6721311475409836,0.6747967479674797,0.8733447194099426,0.8892004489898682,0.8812013268470764,0.95354825258255
216,0.0,0.4714285714285714,0.5733333333333334,0.10739614994934144,1.0,0.42795107519348485,0.7804878048780487,0.6147540983606556,0.5772357723577236,0.8797922134399414,0.8849807977676392,0.882378876209259,0.8791731595993042
217,0.0,0.125,0.13043478260869565,0.20039292730844793,1.0,0.004440226427889556,0.19999999999999998,0.14492753623188404,0.17142857142857143,0.7916561365127563,0.7336796522140503,0.7615660429000854,0.6804032921791077
218,0.0,0.10306406685236769,0.04705882352941176,0.175,0.0,0.00022645455221088505,0.13675213675213674,0.08695652173913043,0.11965811965811966,0.7787020206451416,0.6696109771728516,0.7200479507446289,0.7668061852455139
219,0.0,0.17365269461077848,0.125,0.2,0.0,0.0059434307954163565,0.26548672566371684,0.21621621621621623,0.24778761061946902,0.8236827850341797,0.749669075012207,0.7849350571632385,0.7825865149497986
220,0.0,0.5709844559585493,0.7539503386004516,0.2438746438746439,1.0,0.551440329218107,0.8495238095238095,0.734225621414914,0.6971428571428573,0.8821775317192078,0.8965631723403931,0.889312207698822,0.9302271604537964
221,0.0,0.4832317073170732,0.5392156862745098,0.21339563862928349,0.0,0.38392857142857145,0.8024316109422492,0.5565749235474006,0.6504559270516717,0.8048378229141235,0.8051645755767822,0.8050011396408081,0.9361636638641357
222,0.0,0.3393213572854291,0.36940836940836935,0.11272229822161423,0.0,0.2087475149105368,0.6018237082066868,0.40812182741116754,0.4620060790273557,0.8543140292167664,0.8882714509963989,0.8709619045257568,0.8968757390975952
223,0.0,0.27122641509433965,0.23127035830618892,0.10178631614425346,0.0,0.1146881287726358,0.59,0.3609022556390977,0.42250000000000004,0.8302444219589233,0.8415374755859375,0.8358528017997742,0.8421207666397095
224,0.0,0.38441780821917804,0.5239179954441914,0.34668260609683205,0.0,0.30745341614906835,0.5835189309576838,0.5055928411633109,0.5256124721603563,0.7389002442359924,0.7932652235031128,0.7651181817054749,0.8049559593200684
225,0.0,0.2683274021352313,0.3131868131868132,0.05948317893710385,0.0,0.1529850746268657,0.590339892665474,0.3590664272890485,0.3935599284436494,0.8154140114784241,0.8227550387382507,0.8190680742263794,0.8954777717590332
226,0.0,0.325071496663489,0.32748538011695905,0.17121046892039257,1.0,0.22535211267605637,0.75,0.46236559139784944,0.43571428571428567,0.8069835901260376,0.8380831480026245,0.8222393989562988,0.9126081466674805
227,0.0,0.2983014861995754,0.42138364779874216,0.14515093127809892,1.0,0.2372093023255814,0.6497890295358649,0.3347457627118644,0.3924050632911393,0.7499768137931824,0.7708810567855835,0.7602853178977966,0.9029954671859741
228,0.0,0.21432173474533533,0.2456479690522244,0.006726013847675569,0.0,0.12585034013605442,0.45280122793553346,0.3750960799385088,0.3192632386799693,0.7604260444641113,0.7936813235282898,0.7766978740692139,0.7982497215270996
229,0.0,0.09701492537313428,0.06711409395973154,0.14428412874583796,0.0,2.4751135813547556e-05,0.1872340425531915,0.15450643776824036,0.15319148936170213,0.7539515495300293,0.6690118908882141,0.7089466452598572,0.7590161561965942
230,0.0,0.30236220472440944,0.4312267657992565,0.25,1.0,0.35877862595419846,0.7823834196891192,0.484375,0.4715025906735751,0.7698941230773926,0.792269229888916,0.7809213995933533,0.8714315295219421
231,0.0,0.344559585492228,0.5046728971962617,0.06254545454545454,1.0,0.3422459893048128,0.7348837209302326,0.47196261682242985,0.5116279069767442,0.7776309847831726,0.8016897439956665,0.7894771695137024,0.8822680711746216
232,0.0,0.48207885304659504,0.5592417061611374,0.009718172983479106,0.0,0.44036697247706424,0.6258503401360545,0.5,0.5102040816326531,0.8301589488983154,0.8386039733886719,0.8343601226806641,0.8353837728500366
233,0.0,0.47017543859649125,0.6334841628959276,0.2188612099644128,1.0,0.5089285714285714,0.8129032258064517,0.577922077922078,0.632258064516129,0.8704776763916016,0.8659323453903198,0.8681990504264832,0.9092428684234619
234,0.0,0.3955479452054794,0.4265402843601896,0.0782851817334576,1.0,0.33636363636363636,0.7340823970037453,0.5132075471698113,0.5842696629213484,0.8478947877883911,0.8467491269111633,0.8473215103149414,0.8803304433822632
235,0.0,0.47713717693836977,0.6222222222222221,0.10909090909090909,0.0,0.4174757281553398,0.7854545454545455,0.6153846153846154,0.6036363636363636,0.8679373860359192,0.8720659017562866,0.8699966669082642,0.8382276296615601
236,0.0,0.44164456233421756,0.40310077519379844,0.09170305676855896,1.0,0.33757044079931253,0.6837606837606839,0.4297994269340974,0.5584045584045584,0.7683522701263428,0.7716668844223022,0.7700060606002808,0.7981170415878296
237,0.0,0.5109677419354839,0.46825396825396826,0.05241935483870968,1.0,0.30201342281879195,0.7807228915662652,0.6053268765133173,0.5831325301204819,0.8050850629806519,0.8205087184906006,0.8127237558364868,0.954067051410675
238,0.0,0.06697459584295617,0.07142857142857144,0.12366737739872068,0.0,0.00016152845271588282,0.14285714285714285,0.12903225806451613,0.14285714285714285,0.7748573422431946,0.661564290523529,0.7137430310249329,0.750316858291626
239,0.0,0.28330522765598654,0.3644444444444444,0.08398950131233596,1.0,0.22627737226277375,0.7637540453074434,0.48859934853420195,0.47896440129449835,0.7992530465126038,0.8140711188316345,0.8065940737724304,0.8355982303619385
240,0.0,0.22988505747126442,0.21319796954314724,0.16118769883351008,0.0,0.13562266435586035,0.4632352941176471,0.22962962962962966,0.3602941176470588,0.7638756632804871,0.7094817161560059,0.7356746196746826,0.7651066780090332
241,0.0,0.30848708487084875,0.30199430199430205,0.02837573385518591,0.0,0.17254901960784313,0.5698529411764706,0.3579335793357934,0.3823529411764706,0.749953031539917,0.7838995456695557,0.766550600528717,0.7846009731292725
242,0.0,0.4624819624819625,0.36101083032490977,0.18471056120194432,0.0,0.21164021164021163,0.7364746945898779,0.553415061295972,0.6073298429319371,0.8452695608139038,0.8510738611221313,0.8481617569923401,0.9494186639785767
243,0.0,0.03308823529411764,0.0,0.0425531914893617,0.0,0.0,0.02580645161290323,0.0,0.02580645161290323,0.7168729901313782,0.6218652725219727,0.6659979224205017,0.587246835231781
244,0.0,0.0750893921334923,0.011494252873563216,0.09012875536480687,0.0,0.00017276641868891883,0.16546762589928057,0.021739130434782608,0.10071942446043165,0.6164818406105042,0.5012772679328918,0.5529426336288452,0.46108338236808777
245,0.0,0.04402515723270439,0.05172413793103448,0.07218045112781955,0.0,1.1174729489251544e-06,0.061855670103092786,0.05208333333333333,0.061855670103092786,0.7543432712554932,0.6639068126678467,0.7062416672706604,0.6849614977836609
246,0.0,0.3188976377952756,0.4606741573033708,0.23239012642986154,1.0,0.30901287553648077,0.7626459143968871,0.49609374999999994,0.4319066147859922,0.7594307065010071,0.7899771928787231,0.7744027972221375,0.7740074396133423
247,0.0,0.02752293577981646,0.013698630136986302,0.042363433667781496,0.0,6.181637496816663e-12,0.035398230088495575,0.026785714285714284,0.035398230088495575,0.7151220440864563,0.6315933465957642,0.6707672476768494,0.6844688057899475
248,0.0,0.08969465648854957,0.038277511961722493,0.09482758620689655,0.0,7.996741325567357e-06,0.11683848797250859,0.03460207612456747,0.10309278350515465,0.7110893726348877,0.6211684942245483,0.6630943417549133,0.7060104608535767
249,0.0,0.36789297658862874,0.32432432432432434,0.15703380588876772,1.0,0.1818359358474616,0.551470588235294,0.3925925925925926,0.5367647058823529,0.8094388246536255,0.7787761688232422,0.793811559677124,0.8301446437835693
250,0.0,0.04094827586206895,0.0,0.061855670103092786,0.0,0.0,0.045454545454545456,0.03076923076923077,0.045454545454545456,0.7567569613456726,0.6339303851127625,0.6899195909500122,0.6733269691467285
251,0.0,0.3082959641255605,0.47978436657681944,0.07482185273159145,1.0,0.36231884057971014,0.7470355731225296,0.44841269841269843,0.47035573122529645,0.7387479543685913,0.7597473859786987,0.7491005659103394,0.835827648639679
252,0.0,0.42193675889328064,0.4805194805194805,0.09716599190283401,0.0,0.3125,0.774703557312253,0.5198412698412699,0.49011857707509876,0.8338567018508911,0.8525985479354858,0.8431234955787659,0.8679772019386292
253,0.0,0.5386363636363636,0.5714285714285714,0.05562579013906448,1.0,0.3924050632911392,0.7510548523206751,0.6042553191489363,0.6666666666666666,0.856785774230957,0.8790618181228638,0.8677809238433838,0.9646567106246948
254,0.0,0.44688644688644685,0.44086021505376344,0.21085594989561587,1.0,0.3387356888940319,0.7142857142857143,0.5227272727272726,0.5789473684210527,0.870360255241394,0.8557004332542419,0.8629681468009949,0.9046485424041748
255,0.0,0.3350515463917526,0.31460674157303375,0.15806805708013172,0.0,0.15985859592108184,0.49027237354085595,0.25882352941176473,0.3968871595330739,0.779821515083313,0.7585219740867615,0.7690243124961853,0.7453850507736206
256,0.0,0.3983656792645557,0.44837758112094395,0.36119585112873703,0.0,0.3627450980392156,0.7204968944099379,0.4656964656964657,0.49689440993788825,0.7612504959106445,0.7988595366477966,0.7796016931533813,0.8137111067771912
257,0.0,0.06445993031358888,0.04615384615384615,0.10114192495921696,0.0,4.822936059396819e-08,0.07608695652173912,0.03296703296703297,0.06521739130434782,0.7780903577804565,0.6753098368644714,0.723065972328186,0.8080183863639832
258,0.0,0.3088235294117647,0.4318766066838046,0.18343815513626835,1.0,0.2892561983471075,0.7290322580645162,0.3786407766990291,0.3709677419354839,0.7459771633148193,0.7676637768745422,0.7566651701927185,0.8565361499786377
259,0.0,0.07289293849658318,0.022099447513812154,0.10822060353798127,0.0,1.3886384929990737e-06,0.11235955056179775,0.0679245283018868,0.08239700374531835,0.7053553462028503,0.6318087577819824,0.6665593981742859,0.7090104818344116
260,0.0,0.38590203106332144,0.4689655172413793,0.16918844566712518,1.0,0.3212121212121212,0.7751196172248803,0.5576923076923077,0.5215311004784688,0.7794119715690613,0.7862516045570374,0.7828168272972107,0.9208601117134094
261,0.0,0.3774193548387097,0.3940886699507389,0.09445958219800181,0.0,0.2912621359223301,0.6041055718475072,0.4188790560471976,0.49853372434017595,0.8329019546508789,0.8231127858161926,0.8279784917831421,0.8406745195388794
262,0.0,0.36523929471032746,0.4090909090909091,0.06779661016949153,1.0,0.2676056338028169,0.7135678391959798,0.43654822335025384,0.4824120603015075,0.8532477617263794,0.8258838653564453,0.8393428325653076,0.9313739538192749
263,0.0,0.19346049046321523,0.2692307692307692,0.3284823284823285,0.0,0.04376817010528606,0.2733812949640288,0.218978102189781,0.2302158273381295,0.847116231918335,0.7111698389053345,0.7732129693031311,0.8022950887680054
264,0.0,0.04849279161205766,0.0641025641025641,0.07960199004975124,0.0,1.5255627790182112e-06,0.07929515418502203,0.035555555555555556,0.07048458149779736,0.7095081806182861,0.6263154745101929,0.6653212904930115,0.7587054371833801
265,0.0,0.34056122448979587,0.48507462686567165,0.16803953871499178,1.0,0.2655367231638418,0.6531791907514451,0.4127906976744186,0.45086705202312144,0.7831676006317139,0.8201678395271301,0.8012408018112183,0.890193521976471
266,0.0,0.3624382207578254,0.26804123711340205,0.11037107516650808,0.0,0.19713186859479792,0.6480836236933798,0.3228070175438596,0.445993031358885,0.8205515742301941,0.8218473792076111,0.8211989402770996,0.8492811918258667
267,0.0,0.37293233082706767,0.4632768361581921,0.34454168585905115,1.0,0.33018867924528295,0.7238095238095238,0.5191082802547771,0.48888888888888893,0.8424434065818787,0.8368502259254456,0.8396375179290771,0.8492008447647095
268,0.0,0.09831824062095729,0.10526315789473685,0.142692750287687,1.0,0.0013913563746483888,0.18253968253968256,0.14400000000000002,0.14285714285714285,0.7260730266571045,0.6716365814208984,0.6977947354316711,0.8152838945388794
269,0.0,0.03011292346298622,0.0198019801980198,0.0413625304136253,0.0,1.5086916699688516e-08,0.04060913705583756,0.020512820512820513,0.04060913705583756,0.7281090021133423,0.6393480896949768,0.6808478236198425,0.6963905096054077
270,0.0,0.39680000000000004,0.6262626262626263,0.19918367346938776,0.0,0.487012987012987,0.8474576271186441,0.6420454545454546,0.5819209039548022,0.8654493093490601,0.8717365264892578,0.8685815334320068,0.9393446445465088
271,0.0,0.06012024048096187,0.0,0.06273062730627306,0.0,0.0,0.12643678160919541,0.03488372093023256,0.10344827586206896,0.6574450731277466,0.573762059211731,0.6127596497535706,0.4817013740539551
272,0.0,0.3798701298701299,0.3538461538461538,0.07166123778501629,1.0,0.20762110136005682,0.6525821596244131,0.47641509433962265,0.5305164319248826,0.7926628589630127,0.7652607560157776,0.7787208557128906,0.8308249711990356
273,0.0,0.3339824732229796,0.3701298701298702,0.07793575566087414,1.0,0.26011560693641617,0.7505070993914809,0.4073319755600815,0.4908722109533468,0.7595565319061279,0.7695574760437012,0.7645243406295776,0.9124084711074829
274,0.0,0.28153564899451555,0.47028423772609823,0.09881061299176579,1.0,0.3401015228426396,0.8242811501597443,0.5544871794871795,0.5079872204472844,0.8746699690818787,0.8617146611213684,0.8681439757347107,0.8947502374649048
275,0.0,0.3157290470723306,0.2625482625482625,0.07198560287942411,1.0,0.18055555555555555,0.7304347826086957,0.4192139737991266,0.44782608695652176,0.7659354209899902,0.8001610040664673,0.7826741933822632,0.8997311592102051
276,0.0,0.3825214899713467,0.4223300970873786,0.04915390813859791,0.0,0.32173913043478264,0.772370486656201,0.5606299212598426,0.5086342229199372,0.8610836267471313,0.8759664297103882,0.8684612512588501,0.843103289604187
277,0.0,0.4049945711183496,0.3442622950819672,0.08139534883720931,0.0,0.28703688691112744,0.6253687315634218,0.3620178041543027,0.43067846607669613,0.8317973613739014,0.8090332746505737,0.8202574253082275,0.8612767457962036
278,0.0,0.37954353338968727,0.42384105960264895,0.0860323886639676,0.0,0.25257731958762886,0.7212475633528265,0.5440313111545988,0.5068226120857698,0.7975203394889832,0.8100987672805786,0.8037603497505188,0.8301964998245239
279,0.0,0.3318385650224215,0.42344045368620037,0.09803921568627451,1.0,0.28660025307959625,0.7070707070707072,0.4455696202531646,0.40151515151515155,0.749607503414154,0.7670506238937378,0.7582287788391113,0.8662086725234985
280,0.0,0.07499999999999996,0.03883495145631068,0.10719754977029096,0.0,1.6372251848497204e-07,0.09142857142857141,0.05780346820809248,0.09142857142857141,0.7687931060791016,0.6568552255630493,0.7084296345710754,0.6370829343795776
281,0.0,0.36649659863945583,0.40350877192982465,0.07603152526657395,1.0,0.27860696517412936,0.7932203389830508,0.49659863945578236,0.4813559322033898,0.8237566947937012,0.8157637119293213,0.8197407126426697,0.8846726417541504
282,0.0,0.02067183462532296,0.015873015873015872,0.03286978508217446,0.0,2.9986825265248597e-09,0.019047619047619046,0.0,0.019047619047619046,0.6683030128479004,0.5576462745666504,0.6079805493354797,0.6030898094177246
283,0.0,0.03259604190919674,0.014598540145985401,0.05636978579481398,1.0,1.1263677900148545e-11,0.045871559633027525,0.03703703703703704,0.045871559633027525,0.7290266156196594,0.6190147399902344,0.6695317029953003,0.687293529510498
284,0.0,0.2881944444444444,0.303030303030303,0.07282913165266107,0.0,0.22365718109167346,0.6033898305084746,0.2866894197952219,0.39999999999999997,0.7846697568893433,0.7904608249664307,0.7875546216964722,0.7798182964324951
285,0.0,0.24,0.2095238095238095,0.30570902394106814,0.0,0.1052379635903633,0.36363636363636365,0.17105263157894737,0.3246753246753247,0.7497078776359558,0.7190857529640198,0.7340776324272156,0.6199829578399658
286,0.0,0.029661016949152574,0.022222222222222223,0.044989775051124746,0.0,1.1147807385389192e-07,0.029197080291970802,0.0,0.029197080291970802,0.6974278688430786,0.5870927572250366,0.6375216245651245,0.6251864433288574
287,0.0,0.14936708860759496,0.04444444444444444,0.10224948875255624,0.0,0.010539922456186436,0.21538461538461534,0.0625,0.16923076923076924,0.7316516637802124,0.6896662712097168,0.7100388407707214,0.6700580716133118
288,0.0,0.3278688524590164,0.3983050847457627,0.24189307624890447,0.0,0.2222222222222222,0.5558912386706949,0.4072948328267477,0.4531722054380665,0.7660094499588013,0.8365153670310974,0.7997114062309265,0.8448300957679749
289,0.0,0.4241803278688525,0.4444444444444445,0.3500583430571762,0.0,0.32,0.7377777777777779,0.5470852017937219,0.6222222222222222,0.8063861131668091,0.8416697978973389,0.8236502408981323,0.9075307846069336
290,0.0,0.3637961335676626,0.5392156862745098,0.13274336283185842,1.0,0.3178294573643411,0.6953405017921148,0.4404332129963899,0.48745519713261654,0.790350079536438,0.8461617231369019,0.8173041939735413,0.8830620646476746
291,0.0,0.03740648379052369,0.0,0.037914691943127965,0.0,0.0,0.050420168067226885,0.034188034188034185,0.050420168067226885,0.7139133214950562,0.6352918148040771,0.6723118424415588,0.7178010940551758
292,0.0,0.3670212765957447,0.3486238532110092,0.23507462686567165,1.0,0.26901753696776787,0.613793103448276,0.3819444444444445,0.5241379310344827,0.7987969517707825,0.7876331806182861,0.7931758165359497,0.8857792615890503
293,0.0,0.32704402515723274,0.27230046948356806,0.19816819317235637,0.0,0.1374589987092531,0.4868421052631579,0.35761589403973504,0.4342105263157895,0.7766890525817871,0.7580035924911499,0.7672325372695923,0.7345856428146362
294,0.0,0.36128236744759556,0.43712574850299407,0.1299684542586751,1.0,0.3409090909090909,0.7570093457943925,0.38497652582159625,0.4953271028037383,0.7886209487915039,0.8175029754638672,0.802802324295044,0.8503904342651367
295,0.0,0.412568306010929,0.4365256124721603,0.09009740259740259,1.0,0.26523297491039427,0.76,0.4598765432098765,0.5169230769230769,0.8037330508232117,0.8326839804649353,0.8179523944854736,0.8407101631164551
296,0.0,0.34736842105263155,0.5082508250825083,0.18564176939811458,0.0,0.33146067415730335,0.6948640483383685,0.4741641337386019,0.49546827794561943,0.798727810382843,0.8508461117744446,0.8239636421203613,0.8012309074401855
297,0.0,0.3564280215550424,0.430379746835443,0.13579049466537343,1.0,0.2803030303030303,0.7103999999999999,0.4751203852327448,0.48639999999999994,0.8090337514877319,0.8640441298484802,0.8356346487998962,0.843620777130127
298,0.0,0.3620689655172413,0.41317365269461076,0.18860103626943006,0.0,0.24691358024691357,0.6043956043956044,0.48161764705882354,0.4395604395604396,0.7773354053497314,0.8478634357452393,0.8110690712928772,0.7628427147865295
299,0.0,0.1977987421383648,0.2768549280177187,0.0688800792864222,1.0,0.14814814814814814,0.4136780650542118,0.279030910609858,0.30191826522101756,0.7656457424163818,0.7998999357223511,0.7823981046676636,0.7485633492469788
300,0.0,0.35223555070883317,0.4291187739463601,0.11162179908076166,1.0,0.25,0.6508313539192399,0.3770883054892601,0.4418052256532067,0.8143339157104492,0.8379480242729187,0.8259721398353577,0.9321582317352295
301,0.0,0.2966457023060797,0.4205128205128205,0.15102254850550603,0.0,0.29906542056074764,0.7759562841530055,0.3912248628884827,0.4189435336976321,0.78121018409729,0.7974667549133301,0.7892547845840454,0.4592822194099426
302,0.0,0.5074626865671642,0.35443037974683544,0.1786743515850144,1.0,0.2049689440993789,0.7528868360277137,0.54292343387471,0.628175519630485,0.7791064977645874,0.8209894895553589,0.7994998693466187,0.8804304003715515
303,0.0,0.31826985151710785,0.2663316582914573,0.053636733035351485,0.0,0.16040955631399317,0.5309200603318249,0.3358547655068078,0.36500754147812975,0.7570869326591492,0.7852438688278198,0.7709084153175354,0.6756733059883118
304,0.0,0.35467980295566504,0.49287169042769857,0.18301158301158302,0.0,0.3948339483394834,0.8204456094364352,0.5203679369250985,0.4927916120576671,0.7931907773017883,0.8034540414810181,0.7982893586158752,0.9178830981254578
305,0.0,0.36418166238217653,0.43652561247216043,0.08190091001011122,0.0,0.2777777777777778,0.7747163695299838,0.5365853658536585,0.5056726094003241,0.8288416862487793,0.8549532890319824,0.8416950106620789,0.8860493898391724
306,0.0,0.09584664536741216,0.04878048780487805,0.12225405921680993,0.0,0.00044562206419075363,0.10996563573883161,0.05536332179930796,0.08934707903780069,0.7580352425575256,0.6852273344993591,0.7197948098182678,0.6953874826431274
307,0.0,0.31112916328188467,0.3542600896860986,0.13454198473282442,1.0,0.2112676056338028,0.6884272997032641,0.4077380952380953,0.4094955489614243,0.8110578060150146,0.8347064256668091,0.8227121829986572,0.8752920627593994
308,0.0,0.30367018602312723,0.32735426008968604,0.12188168210976479,1.0,0.16216216216216217,0.5813253012048193,0.4290030211480363,0.45180722891566266,0.7634595632553101,0.7904559969902039,0.7767232656478882,0.8615661859512329
309,0.0,0.1092077087794433,0.14634146341463414,0.08534322820037106,0.0,0.00378276061627065,0.22929936305732485,0.09032258064516129,0.1910828025477707,0.7381767630577087,0.646277666091919,0.6891770958900452,0.5557323694229126
310,0.0,0.2733296521258973,0.2783725910064239,0.0921875,0.0,0.17313432835820894,0.47263017356475295,0.28112449799196787,0.363150867823765,0.7632230520248413,0.8262052536010742,0.7934662699699402,0.6556953191757202
311,0.0,0.321608040201005,0.4744744744744745,0.2421420256111758,1.0,0.34343434343434337,0.792156862745098,0.468503937007874,0.4274509803921569,0.7606658935546875,0.7824596166610718,0.7714088559150696,0.7396624088287354
312,0.0,0.4,0.33774834437086093,0.023121387283236993,1.0,0.20388349514563106,0.6153846153846154,0.38418079096045193,0.45028142589118203,0.7666946649551392,0.7910915017127991,0.7787020206451416,0.8731263279914856
313,0.0,0.09905660377358494,0.07894736842105263,0.13793103448275862,1.0,0.0023149100305909012,0.16541353383458646,0.04580152671755725,0.13533834586466167,0.7062644362449646,0.6463279724121094,0.6749681830406189,0.6815431118011475
314,0.0,0.32858028518288906,0.4140786749482402,0.08122270742358079,1.0,0.15455441235814701,0.5646067415730337,0.46760563380281694,0.4466292134831461,0.8438141942024231,0.8033584356307983,0.8230894804000854,0.6921533346176147
315,0.0,0.31040131040131036,0.259946949602122,0.08113804004214963,0.0,0.12066445670423309,0.5279187817258882,0.366723259762309,0.4060913705583757,0.7403414845466614,0.7323483228683472,0.7363232374191284,0.657764196395874
316,0.0,0.32735426008968604,0.3848101265822785,0.09617977528089888,1.0,0.1441842864118985,0.5425361155698235,0.4025764895330113,0.4173354735152487,0.773361086845398,0.785788357257843,0.7795251607894897,0.7276535630226135
317,0.0,0.349003984063745,0.3532934131736527,0.06856540084388185,0.0,0.1174248417218145,0.6048109965635738,0.5103448275862069,0.49140893470790376,0.7879582643508911,0.7669765949249268,0.7773258686065674,0.8503941297531128
318,0.0,0.21157024793388435,0.2108433734939759,0.043222003929273084,1.0,0.022334396900824137,0.3313131313131313,0.2758620689655173,0.29494949494949496,0.7755873203277588,0.7361341118812561,0.75534588098526,0.7840756177902222
319,0.0,0.26315789473684215,0.3836317135549872,0.042172523961661344,0.0,0.16957145719364902,0.48681541582150106,0.32179226069246436,0.36105476673427994,0.7871441841125488,0.7373336553573608,0.7614251375198364,0.8354998826980591
320,0.0,0.2579804560260587,0.3674418604651163,0.07177033492822966,1.0,0.12374844308912922,0.4891640866873065,0.36645962732919257,0.3591331269349845,0.7808382511138916,0.7554095983505249,0.7679134607315063,0.8106570243835449
321,0.0,0.27949326999208235,0.2742857142857143,0.17798594847775176,1.0,0.08803507461126459,0.3855421686746988,0.3024193548387097,0.37751004016064255,0.7656739950180054,0.7197088003158569,0.7419801354408264,0.7622390389442444
322,0.0,0.21101774042950516,0.2532467532467532,0.024981631153563555,1.0,0.03702979014769534,0.3279445727482678,0.2273781902552204,0.27713625866050806,0.7580902576446533,0.6777007579803467,0.7156450152397156,0.725188672542572
323,0.0,0.2557997557997558,0.24413145539906106,0.09119638826185102,1.0,0.044207055737775426,0.4573002754820937,0.3535911602209945,0.3581267217630854,0.7807666063308716,0.7512704133987427,0.7657346129417419,0.8091673851013184
324,0.0,0.3570432357043236,0.48249027237354086,0.09423643247791334,0.0,0.28560453192440743,0.6512226512226513,0.4825806451612903,0.4684684684684685,0.8397330641746521,0.8083204030990601,0.8237273693084717,0.7352656722068787
325,0.0,0.30147697654213723,0.4,0.13981042654028436,1.0,0.1702463499900806,0.5759368836291913,0.396039603960396,0.3984220907297831,0.7726105451583862,0.7676193714141846,0.770106852054596,0.821892499923706
326,0.0,0.29290617848970246,0.30026809651474534,0.1329700272479564,0.0,0.11662565002058574,0.4460431654676259,0.3285198555956679,0.3920863309352518,0.7621949911117554,0.7404583096504211,0.7511693835258484,0.752872884273529
327,0.0,0.32598784194528874,0.37296037296037293,0.08405797101449275,0.0,0.22146174890355602,0.5964391691394659,0.40773809523809523,0.43323442136498513,0.851891279220581,0.8701709508895874,0.8609340786933899,0.9042420387268066
328,0.0,0.2698724239450442,0.3742690058479532,0.0313588850174216,0.0,0.2879993022425853,0.6630920464700626,0.36884512085944493,0.37176050044682757,0.8171162605285645,0.7809635400772095,0.798630952835083,0.7997711896896362
329,0.0,0.3563090605892162,0.3644646924829158,0.07711711711711712,0.0,0.2179591214775001,0.6416558861578266,0.4280155642023346,0.4501940491591203,0.7686636447906494,0.8033206462860107,0.7856101393699646,0.8930314779281616
330,0.0,0.3128264654672084,0.39669421487603307,0.08627182471756248,1.0,0.2743863078690004,0.7202797202797203,0.4158878504672897,0.337995337995338,0.8281145095825195,0.8380441665649414,0.8330497741699219,0.765896201133728
331,0.0,0.33139050791007496,0.36314363143631434,0.16111915098890497,0.0,0.2578134404608085,0.7024539877300614,0.44,0.4570552147239263,0.8356761932373047,0.8234627842903137,0.829524576663971,0.7255573272705078
332,0.0,0.2639751552795031,0.3781094527363184,0.08162066940692896,1.0,0.25555555555555554,0.719077568134172,0.39495798319327735,0.36268343815513626,0.8155394196510315,0.7834770083427429,0.7991867661476135,0.709071159362793
333,0.0,0.3120347394540943,0.36767676767676766,0.05551443375277572,0.0,0.2575084800337134,0.6419753086419754,0.3356258596973865,0.3045267489711934,0.8174947500228882,0.8324676752090454,0.8249132633209229,0.784167468547821
334,0.0,0.37835379718053663,0.4871447902571042,0.14904224612962477,1.0,0.3786759556974614,0.6858846918489067,0.41633466135458164,0.43936381709741545,0.756454586982727,0.7542901039123535,0.7553707957267761,0.81479811668396
335,0.0,0.2936746987951807,0.40835266821345706,0.03694701020904229,1.0,0.20398921984889676,0.6244477172312224,0.47562776957163955,0.4565537555228277,0.8323616981506348,0.8291427493095398,0.8307490944862366,0.9273408055305481
336,0.0,0.2922107158937416,0.45476190476190476,0.1178981061616431,1.0,0.312,0.70432480141218,0.42793987621573826,0.3671668137687556,0.8281012773513794,0.8426553010940552,0.8353148698806763,0.8785689473152161
337,0.0,0.3424892703862661,0.4411764705882353,0.034544371649791544,1.0,0.16135146257528293,0.4925053533190578,0.3956989247311828,0.39828693790149894,0.8051327466964722,0.7326480150222778,0.7671820521354675,0.8143948316574097
338,0.0,0.21797520661157022,0.19834710743801653,0.040749796251018745,0.0,0.024193984586309912,0.3167701863354037,0.18125000000000002,0.27950310559006214,0.7673345804214478,0.6907676458358765,0.7270408272743225,0.5851295590400696
339,0.0,0.3143656716417911,0.3323262839879154,0.037825059101654845,0.0,0.16441706490637312,0.5844748858447488,0.3073394495412844,0.36073059360730597,0.7870542407035828,0.73858243227005,0.7620483040809631,0.6849551200866699
340,0.0,0.3206933911159263,0.4438502673796792,0.2324425108763207,1.0,0.31636422366977823,0.7037773359840954,0.3792415169660679,0.3976143141153082,0.8057142496109009,0.7823346853256226,0.7938523292541504,0.794467568397522
341,0.0,0.3003952569169961,0.39455782312925164,0.1072961373390558,1.0,0.12418233828525702,0.47533632286995514,0.3963963963963964,0.40358744394618834,0.8132378458976746,0.7690249085426331,0.7905136942863464,0.7412271499633789
342,0.0,0.1987632508833922,0.20074349442379186,0.03727598566308244,1.0,0.013194184001140368,0.22842639593908629,0.16326530612244897,0.22335025380710657,0.7738505601882935,0.6868652105331421,0.7277679443359375,0.8148435950279236
343,0.0,0.44680851063829785,0.611353711790393,0.21957040572792363,1.0,0.4612289308096573,0.817629179331307,0.573170731707317,0.5288753799392099,0.8820866346359253,0.8747815489768982,0.8784189224243164,0.8804931640625
344,0.0,0.4069506726457399,0.38202247191011235,0.23772609819121446,1.0,0.29457364341085274,0.6341463414634146,0.39705882352941174,0.48292682926829267,0.7782579660415649,0.7891217470169067,0.7836521863937378,0.7967863082885742
345,0.0,0.2690014903129657,0.3076923076923077,0.04525386313465784,1.0,0.09726274105415654,0.3582089552238806,0.2740899357601713,0.2942430703624733,0.7965418100357056,0.7140309810638428,0.753032922744751,0.8006939888000488
346,0.0,0.04859335038363166,0.03225806451612903,0.08766233766233766,0.0,8.856161224498657e-10,0.054200542005420044,0.027247956403269758,0.054200542005420044,0.7371928095817566,0.5854015350341797,0.6525867581367493,0.6127685308456421
347,0.0,0.2949790794979079,0.39702233250620345,0.027903159622486663,1.0,0.2783727865739486,0.6493955094991364,0.4055459272097054,0.3316062176165803,0.8027545809745789,0.8167911171913147,0.8097119927406311,0.6638508439064026
348,0.0,0.2085067036523347,0.22302158273381292,0.041501976284584984,0.0,0.05429024525683619,0.3643122676579925,0.25590062111801243,0.26022304832713755,0.8268250226974487,0.7872592210769653,0.8065571784973145,0.8762128353118896
349,0.0,0.24256651017214392,0.32445520581113796,0.1920129084308189,0.0,0.0966652856779541,0.3887323943661972,0.2853107344632768,0.3352112676056338,0.8149222731590271,0.7655397653579712,0.7894595861434937,0.8711094856262207
350,0.0,0.4279749478079332,0.48605577689243024,0.11175220163984209,0.0,0.28450704225352114,0.7783251231527094,0.5777777777777777,0.5344827586206897,0.8521894812583923,0.8619190454483032,0.8570266962051392,0.8669955730438232
351,0.0,0.41163184641445516,0.4939759036144578,0.19151943462897528,1.0,0.3293051359516616,0.705111402359109,0.5703022339027596,0.5373525557011796,0.8304359912872314,0.8746324777603149,0.8519614338874817,0.7309461832046509
352,0.0,0.30353117956423736,0.49775784753363234,0.25127334465195245,0.0,0.3627906976744186,0.7706146926536732,0.5052631578947367,0.42278860569715143,0.8692660331726074,0.8741744756698608,0.8717133402824402,0.888465940952301
353,0.0,0.2901062045835663,0.38602941176470584,0.12055455093429777,0.0,0.2750809061488673,0.6302083333333334,0.33420365535248037,0.3776041666666667,0.8333863019943237,0.836045503616333,0.8347137570381165,0.7521177530288696
354,0.0,0.5546303305576583,0.6116611661166117,0.04933586337760911,0.0,0.44919786096256686,0.7762039660056657,0.6624113475177306,0.5609065155807365,0.8775585293769836,0.9017562866210938,0.889492928981781,0.8514858484268188
355,0.0,0.30737463126843656,0.4107142857142857,0.14971844981782048,1.0,0.351994365192179,0.6708385481852316,0.4215809284818067,0.48310387984981223,0.7977461814880371,0.8070591688156128,0.8023756742477417,0.8053079843521118
356,0.0,0.04783599088838264,0.016393442622950817,0.06738351254480286,0.0,5.3094163674893726e-06,0.09669211195928752,0.040920716112531966,0.07124681933842239,0.6150944232940674,0.5111420154571533,0.5583208203315735,0.3741490840911865
357,0.0,0.23244929797191882,0.40414507772020725,0.08411822020136409,1.0,0.3275417292278619,0.6626240352811467,0.3675496688741722,0.30099228224917307,0.7327606678009033,0.750827968120575,0.7416843175888062,0.7224689722061157
358,0.0,0.38475499092558985,0.5460674157303371,0.019325502084122773,0.0,0.43487394957983194,0.742014742014742,0.48728465955701394,0.4357084357084357,0.8378122448921204,0.8396243453025818,0.8387173414230347,0.8331140279769897
359,0.0,0.27545483562081075,0.34375,0.027531585894776542,1.0,0.3005173811399895,0.6995280545359203,0.4776902887139108,0.37441006816990036,0.7840268015861511,0.8361629843711853,0.8092560768127441,0.8098422288894653
360,0.0,0.3499766682221185,0.4771723122238586,0.06810215322984477,0.0,0.37433363852848756,0.6695005313496281,0.4728434504792332,0.45058448459086076,0.7827467918395996,0.7920352220535278,0.7873636484146118,0.7847201824188232
361,0.0,0.25593952483801297,0.24315068493150688,0.05970149253731343,0.0,0.19435736677115986,0.4838709677419355,0.14780600461893761,0.2649769585253457,0.7272287607192993,0.7611663341522217,0.7438106536865234,0.7672087550163269
362,0.0,0.35024549918166936,0.43645699614890887,0.2289818335445712,0.0,0.26425855513307983,0.6605809128630706,0.43059019118869496,0.4348547717842324,0.7964674234390259,0.8251270651817322,0.8105440139770508,0.8480713367462158
363,0.0,0.273696682464455,0.4980694980694981,0.06526253337288639,0.0,0.41509433962264153,0.7871581450653984,0.5220500595947557,0.4161712247324614,0.8481594920158386,0.85882568359375,0.8534592390060425,0.7098293304443359
364,0.0,0.28327044025157233,0.31358249772105745,0.014226231783483692,1.0,0.19220779220779222,0.5372573575453976,0.3109717868338558,0.3393863494051346,0.8222367763519287,0.8340268731117249,0.8280898928642273,0.827404260635376
365,0.0,0.37459807073954987,0.4277879341864717,0.1397817752875258,0.0,0.34798534798534797,0.7557077625570776,0.47368421052631576,0.4315068493150685,0.8317350149154663,0.8525564670562744,0.8420170545578003,0.7826308012008667
366,0.0,0.2439613526570048,0.35294117647058826,0.17369186046511628,1.0,0.27419354838709675,0.601366742596811,0.3881278538812785,0.3416856492027335,0.8124739527702332,0.8500384092330933,0.8308318257331848,0.885822594165802
367,0.0,0.17443249701314223,0.24902723735408558,0.0784196348398683,1.0,0.13805309734513274,0.3827160493827161,0.25773195876288657,0.25102880658436216,0.7685139775276184,0.8296756744384766,0.7979245185852051,0.9035991430282593
368,0.0,0.3022571148184494,0.4492753623188406,0.0859538784067086,1.0,0.3853658536585366,0.7915936952714536,0.4042179261862917,0.4308231173380035,0.8158531188964844,0.8128286600112915,0.8143380880355835,0.7953139543533325
369,0.0,0.3613744075829384,0.46779661016949153,0.18392709196354598,1.0,0.23871724101356492,0.46200607902735563,0.3792048929663608,0.4316109422492401,0.8418353199958801,0.7494544982910156,0.7929633855819702,0.8038430213928223
370,0.0,0.2874806800618238,0.41767068273092367,0.03505154639175258,1.0,0.26074521626461516,0.46511627906976744,0.27343750000000006,0.3643410852713179,0.8066175580024719,0.7590850591659546,0.7821297645568848,0.8092820644378662
371,0.0,0.39093137254901966,0.5576923076923077,0.2829771554900516,1.0,0.38548061079622775,0.75,0.586046511627907,0.5462962962962963,0.8088982701301575,0.7884948253631592,0.7985662221908569,0.938753068447113
372,0.0,0.2896253602305475,0.3191489361702127,0.2751729438893159,0.0,0.2867132867132867,0.7164948453608248,0.3678756476683938,0.4742268041237113,0.7505520582199097,0.75013667345047,0.7503443360328674,0.6571981310844421
373,0.0,0.39751552795031053,0.5798319327731092,0.17307692307692307,1.0,0.34741081220477443,0.5904059040590406,0.446096654275093,0.5239852398523986,0.881659746170044,0.8130254745483398,0.8459527492523193,0.9093185067176819
374,0.0,0.25704225352112675,0.4545454545454545,0.16794871794871793,1.0,0.3493975903614458,0.7525562372188139,0.47638603696098564,0.4662576687116565,0.7646641135215759,0.7710541486740112,0.7678459286689758,0.8559366464614868
375,0.0,0.3102378490175801,0.37974683544303806,0.13371104815864024,0.0,0.2980132450331126,0.7169811320754716,0.4463157894736842,0.5576519916142558,0.7762598991394043,0.8116499781608582,0.7935605049133301,0.8221365809440613
376,0.0,0.32138728323699417,0.301255230125523,0.08444096950742767,1.0,0.23231833458281573,0.5065274151436031,0.3884514435695538,0.443864229765013,0.7688446044921875,0.7402892112731934,0.7542967796325684,0.8970417976379395
377,0.0,0.3118012422360248,0.3507462686567164,0.04950495049504951,0.0,0.18924046486189355,0.46739130434782605,0.3551912568306011,0.39673913043478254,0.780380368232727,0.7602130174636841,0.7701647281646729,0.8484536409378052
378,0.0,0.30684500393391034,0.5148861646234676,0.1946222791293214,1.0,0.38688524590163936,0.7758620689655171,0.5072046109510087,0.4827586206896552,0.7883108854293823,0.8149308562278748,0.8013998866081238,0.8194754123687744
379,0.0,0.06908462867012088,0.04123711340206186,0.09426551453260015,0.0,7.325189449929892e-06,0.09803921568627451,0.07389162561576354,0.09803921568627451,0.6373496055603027,0.5995016098022461,0.6178465485572815,0.6013002395629883
380,0.0,0.23306666666666664,0.3686131386861314,0.052484254723582924,1.0,0.24850299401197604,0.6449934980494149,0.3076923076923077,0.33289986996098836,0.6895092725753784,0.7306851744651794,0.7095003724098206,0.7532645463943481
381,0.0,0.3474300585556278,0.42661448140900193,0.23607647547797173,1.0,0.30097087378640774,0.6567607726597325,0.37853949329359166,0.40713224368499257,0.8178582191467285,0.8330016136169434,0.8253604769706726,0.8433190584182739
382,0.0,0.19520319786808793,0.2785425101214575,0.08374910905203137,1.0,0.14990138067061143,0.37187127532777114,0.2529832935560859,0.28605482717520864,0.7589252591133118,0.7816822528839111,0.7701357007026672,0.824958324432373
383,0.0,0.3328301886792453,0.3863080684596577,0.18009478672985782,1.0,0.20635848722420547,0.6468842729970327,0.4375,0.483679525222552,0.8349772691726685,0.8515058159828186,0.8431605100631714,0.9068019390106201
384,0.0,0.2495432002088228,0.30609896432681244,0.08838082238525849,0.0,0.21711899791231737,0.5466012613875263,0.3031578947368421,0.3447792571829012,0.8059996366500854,0.7855179905891418,0.7956269979476929,0.9356709718704224
385,0.0,0.3160975609756097,0.34173669467787116,0.15560391730141457,1.0,0.27377734142496335,0.6083650190114068,0.32061068702290074,0.4562737642585551,0.7900187373161316,0.8110702037811279,0.8004060387611389,0.8510003089904785
386,0.0,0.28528827037773363,0.46831955922865015,0.134648868253047,0.0,0.334841628959276,0.5354969574036512,0.3014256619144603,0.3448275862068965,0.7358098030090332,0.7561871409416199,0.7458592653274536,0.6048670411109924
387,0.0,0.14441416893732972,0.09433962264150944,0.051031487513572206,0.0,0.005857551500881573,0.25287356321839083,0.11538461538461539,0.18773946360153257,0.6815123558044434,0.6443212032318115,0.662395179271698,0.6870190501213074
388,0.0,0.3274967574578469,0.453125,0.19508506616257087,0.0,0.35674157303370785,0.7232947232947232,0.4361290322580645,0.4453024453024452,0.7887070775032043,0.8277019262313843,0.8077341318130493,0.9340950846672058
389,0.0,0.27256425582785415,0.4542586750788643,0.09874917709019092,0.0,0.3987138263665595,0.7106481481481481,0.43619489559164737,0.4467592592592593,0.8331685066223145,0.8437091708183289,0.8384056687355042,0.8550105094909668
390,0.0,0.368711233631978,0.49242424242424243,0.16940987555198717,1.0,0.3482758620689655,0.7388888888888888,0.42339832869080785,0.45555555555555555,0.8102187514305115,0.8220793604850769,0.8161059021949768,0.8968232274055481
391,0.0,0.26870748299319724,0.47302904564315357,0.040017785682525564,1.0,0.3542832594324955,0.7466666666666666,0.48663101604278075,0.39999999999999997,0.8143584728240967,0.8214743137359619,0.8179009556770325,0.8263841867446899
392,0.0,0.298728813559322,0.36166365280289325,0.1423487544483986,0.0,0.2841334474235262,0.628032345013477,0.33783783783783783,0.39892183288409705,0.8371994495391846,0.849199116230011,0.8431565761566162,0.8839694857597351
393,0.0,0.3339640491958372,0.5237020316027089,0.17866004962779156,1.0,0.40336134453781514,0.7937007874015749,0.5308056872037914,0.49133858267716535,0.845034122467041,0.8467780947685242,0.8459051847457886,0.9182770848274231
394,0.0,0.33723482077542066,0.35609756097560974,0.10137795275590551,1.0,0.1726969309867889,0.519434628975265,0.3687943262411348,0.4416961130742049,0.8458929061889648,0.8013623952865601,0.8230257630348206,0.6830726861953735
395,0.0,0.39319301388266903,0.46556473829201106,0.11644486692015209,1.0,0.30751708428246016,0.8042226487523993,0.5038461538461538,0.510556621880998,0.7815682888031006,0.8090013861656189,0.7950482368469238,0.8815918564796448
